customer_unique_id,churn_probability,behavior_drift_score,high_drift,churn_risk_normalized,drift_risk_normalized,CRPI,CRPI_rank,retention_priority,baseline_recommendation,final_recommendation,override_triggered
dd8253fe17486f2e2cbff105e36e4a55,0.8161633713648966,15.816155586918574,1,0.778979260059623,1.0,0.8894896300298115,1,High,Standard product recommendation,Retention intervention,1
4ffd7cf05f22d7a320750a2f9e73f665,0.8497133305264065,11.674367482725769,1,0.8193152739100773,0.728987933136393,0.7741516035232352,2,High,Standard product recommendation,Retention intervention,1
6d3d5771a12f5e7d00729f940bb28fd2,0.8908848008055594,10.296377881005212,1,0.8688143802257924,0.6388211257855305,0.7538177530056615,3,High,Standard product recommendation,Retention intervention,1
2e43e031f10de28e557c35ef668f9396,0.8266027499115669,11.31323185811876,1,0.7915301819734628,0.7053575325507746,0.7484438572621187,4,High,Standard product recommendation,Retention intervention,1
78d665ab97fb0bfd754a20a48476c4e7,0.9691790088995973,8.61228328086962,1,0.962944934808242,0.5286247693097962,0.7457848520590191,5,High,Standard product recommendation,Retention intervention,1
dcee1e44ded6f1bfc5b4988d771243da,0.7751999601006523,11.820721825177056,1,0.7297302962632077,0.7385644232523493,0.7341473597577786,6,High,Recent-behavior product recommendation,Retention intervention,1
8241424764e0bfa6bfcb3c6cda391ac8,0.9474662050912052,8.198113426945334,1,0.9368403440118314,0.5015241486790614,0.7191822463454464,7,High,Standard product recommendation,Retention intervention,1
f46971f1ac7b376b668114a027c98e78,0.9922777777777776,6.876675562366368,1,0.9907158258818629,0.4150577245399704,0.7028867752109167,8,High,Standard product recommendation,Retention intervention,1
5dbba6c01268a8ad43f79157bf4454a0,0.9754895382395381,6.665364814007969,1,0.9705318769453153,0.4012309035577159,0.6858813902515156,9,High,Standard product recommendation,Retention intervention,1
6204c4e582a95b6a350adf6988623bfb,0.9191716266876306,7.696351706824734,1,0.9028227018178376,0.46869207774205135,0.6857573897799445,10,High,Standard product recommendation,Retention intervention,1
b463aa86422087e97281b2787590fb0d,0.9620059665280254,6.582232037625587,1,0.9543210215850759,0.3957912275084531,0.6750561245467646,11,High,Standard product recommendation,Retention intervention,1
5ad96d7a95788923e8ff455366a90015,0.9183786486394971,7.328402750881551,1,0.9018693303583183,0.44461585642365,0.6732425933909841,12,High,Standard product recommendation,Retention intervention,1
da5bbfd583efb762f6fda762f1aaf4a9,0.9627137445887445,6.484594133113001,1,0.955171959898377,0.3894024288445619,0.6722871943714694,13,High,Standard product recommendation,Retention intervention,1
b918da4934c7eabcda6e45b4e18aba53,0.9951818181818181,5.4170751439399485,1,0.9942072582676895,0.3195508284261186,0.6568790433469041,14,High,Standard product recommendation,Retention intervention,1
320e13a9e22b4e4cda8c17ed1c140ce0,0.985852133977134,5.424609574731096,1,0.9829904854099676,0.3200438332853683,0.651517159347668,15,High,Standard product recommendation,Retention intervention,1
728e4a7d0db4845270091ded0923c71f,0.9677848158606673,5.749703593253745,1,0.9612687423140047,0.34131590217649027,0.6512923222452475,16,High,Standard product recommendation,Retention intervention,1
9077449283dc1319d5e51fb3159b28e2,0.8284104256773887,8.208839392851525,1,0.7937034911681569,0.5022259871401847,0.6479647391541707,17,High,Standard product recommendation,Retention intervention,1
a3cff19572a9d98802efdd6603792ce9,0.9804822446072448,5.397822665323133,1,0.9765344438107351,0.3182910696236563,0.6474127567171957,18,High,Standard product recommendation,Retention intervention,1
425634deb94b1080fc7d283f3a644941,0.9680247095140605,5.563066008820131,1,0.9615571585734499,0.32910353489952104,0.6453303467364855,19,High,Standard product recommendation,Retention intervention,1
9947c0ed8bf41cd508a78da36abc1d41,0.7526643820023988,9.298953260599259,1,0.7026365109645958,0.5735560515913142,0.6380962812779549,20,High,Recent-behavior product recommendation,Retention intervention,1
bb58670190dba4e9b320f84cb98317a3,0.9479669878210886,5.586787006809386,1,0.9374424186382535,0.3306556849688661,0.6340490518035597,21,High,Standard product recommendation,Retention intervention,1
ba54ee5be417c0558c060a3186451248,0.8876445307924468,6.678250441604365,1,0.8649187100254521,0.4020740564375551,0.6334963832315036,22,High,Standard product recommendation,Retention intervention,1
083ca1aa470c280236380973a48f77c6,0.9239040618211584,5.8460900264989295,1,0.9085123531277963,0.34762281258191274,0.6280675828548545,23,High,Standard product recommendation,Retention intervention,1
94a19681bf6faa3c6ce3e2df1c2d97cb,0.8479129691877905,7.208268179798902,1,0.8171507586109483,0.43675502009116773,0.6269528893510581,24,High,Standard product recommendation,Retention intervention,1
c55821f6a2a59a93d4cde13a2ec14661,0.9681661793372321,4.571680400538718,1,0.9617272430948469,0.2642336149518557,0.6129804290233514,25,High,Standard product recommendation,Retention intervention,1
fc719c11b4dce594f47e1f9aa739a3a2,0.6016489894388761,11.202944815360237,1,0.5210756650407551,0.6981410553543663,0.6096083601975607,26,High,Recent-behavior product recommendation,Retention intervention,1
bcc9a08b533971412be737fd5bd918b3,0.8390883231885004,6.808558231926669,1,0.806541176598071,0.4106005630321168,0.6085708698150939,27,High,Standard product recommendation,Retention intervention,1
a40096fc0a3862e9e12bc55b5f8e6ab2,0.6364849168557045,10.520920057980915,1,0.5629577562830794,0.6535137266500305,0.6082357414665549,28,High,Recent-behavior product recommendation,Retention intervention,1
75c7cb4037146f5c8e95ade4214396c5,0.9529880465395172,4.690644818036577,1,0.943479072603628,0.2720178839338159,0.6077484782687219,29,High,Standard product recommendation,Retention intervention,1
e8663abca66edfe7b18d03a921637578,0.9559879392666158,4.427333694918527,1,0.9470857450889092,0.2547884917222344,0.6009371184055718,30,High,Standard product recommendation,Retention intervention,1
477f7f182e8da105ba6713c0d5a24f15,0.9878531746031748,3.6753782742897196,1,0.9853962708244519,0.20558534863347835,0.5954908097289652,31,High,Standard product recommendation,Retention intervention,1
df946ef265626b1e0a425292815ddead,0.8582238597310504,5.862434382278685,1,0.8295472036188634,0.34869228246544964,0.5891197430421565,32,High,Standard product recommendation,Retention intervention,1
ae53a87a257f8e54795af6ff434e443b,0.760037661737089,7.596422038514768,1,0.7115011629920396,0.46215332074425547,0.5868272418681475,33,High,Recent-behavior product recommendation,Retention intervention,1
f11821d908830e74ad782532ebed897a,0.8687695639133206,5.597197081616541,1,0.8422259573517992,0.3313368535411636,0.5867814054464814,34,High,Standard product recommendation,Retention intervention,1
20282afdbe6cf22d5f5a956d8b5a3f78,0.8098357624108695,6.6387773305716395,1,0.771371783663565,0.3994911890533724,0.5854314863584686,35,High,Standard product recommendation,Retention intervention,1
d9e6c750121d4d84ba6f2cdc6cc80008,0.9873759687756166,3.3022358828930796,1,0.984822541933241,0.18116930218618169,0.5829959220597114,36,High,Standard product recommendation,Retention intervention,1
1590457b4be348b165ff7030a6f94dce,0.9939444444444444,3.0416234434056237,1,0.9927196044685114,0.16411649453424917,0.5784180495013803,37,High,Standard product recommendation,Retention intervention,1
e58e049eea2419a34274619f798d0cd4,0.9888311688311688,3.073316644481342,1,0.9865720811596039,0.16619029447596012,0.576381187817782,38,High,Standard product recommendation,Retention intervention,1
e53821a413d5b137cd9005b41f09dfe0,0.9716720085470086,3.361914960053717,1,0.9659421863942446,0.1850743184842014,0.575508252439223,39,High,Standard product recommendation,Retention intervention,1
95cfb39a7e263160308a934e42cfc4e0,0.9343679320592467,4.004358765170943,1,0.9210927205977248,0.22711172336550983,0.5741022219816173,40,High,Standard product recommendation,Retention intervention,1
dff41d762e4e7b68b73af7203a429072,0.9875596678477803,2.8635518701047404,1,0.9850433972935542,0.15246463212219755,0.5687540147078759,41,High,Standard product recommendation,Retention intervention,1
bdfd71dfee6faa67122cc7cdbc14d9f7,0.9653548119279861,3.1944766749819586,1,0.9583472284065382,0.17411823030010082,0.5662327293533195,42,High,Standard product recommendation,Retention intervention,1
e7ba27eaa7692a165b91ba35a41da310,0.9580433276401019,3.200705542019769,1,0.9495568710149316,0.17452580743530643,0.562041339225119,43,High,Standard product recommendation,Retention intervention,1
5036f4227f2e546879f581d8fd3e6ec6,0.9850935048348841,2.6888116581265673,1,0.9820784105116991,0.14103075264283704,0.561554581577268,44,High,Standard product recommendation,Retention intervention,1
6419a1be8feac26ec793667b71cbaeb4,0.7240994901811517,7.243028264133926,1,0.6682938798277924,0.4390294972162654,0.5536616885220289,45,High,Recent-behavior product recommendation,Retention intervention,1
cbd08b04b3f301152b7570da5e9c8cc4,0.8083408361681734,5.586909689779526,1,0.7695744829473252,0.33066371255609905,0.5501190977517121,46,High,Standard product recommendation,Retention intervention,1
987fadd385777d8f27edac709bc9fb61,0.8155305461330192,5.37377762651247,1,0.7782184350703869,0.3167177163998888,0.5474680757351379,47,High,Standard product recommendation,Retention intervention,1
e3301490c373db9263c15a73172d0c6f,0.7665666836734121,6.217361780846094,1,0.7193507916006963,0.3719164565304875,0.5456336240655919,48,High,Recent-behavior product recommendation,Retention intervention,1
19f8fcd23ed70e29220a6a2f13ecd911,0.8780735831553685,4.073297492513734,1,0.8534118740679866,0.23162263182198128,0.542517252944984,49,High,Standard product recommendation,Retention intervention,1
e9b87dccd9c326a3325385087eb0150c,0.5575934613207053,9.95227847490164,1,0.4681091507207526,0.616305466145612,0.5422073084331823,50,High,Recent-behavior product recommendation,Retention intervention,1
bcf0a5f0f3ec8639f940749aab360d8f,0.7693290087363548,6.042102121410158,1,0.7226718442869879,0.36044858773887495,0.5415602160129315,51,High,Recent-behavior product recommendation,Retention intervention,1
ccd2f7d983d761b9c7520a266bfcfc81,0.9901851851851852,1.9578237750959486,0,0.9881999705452935,0.09319959082366194,0.5406997806844778,52,High,Standard product recommendation,Personalized retention offer,1
9af2c271654a36a48beefe342ba6208a,0.9760507602936129,2.1818268652795956,1,0.9712066157859012,0.10785691730375149,0.5395317665448264,53,High,Standard product recommendation,Retention intervention,1
8bc3068714502a076cdc66f2a207bb20,0.9778868538868539,2.0127155178627336,1,0.9734140908010323,0.09679135464323355,0.5351027227221329,54,High,Standard product recommendation,Retention intervention,1
8a3e2983c35b5d2fb78686794986f7da,0.9374524667509059,2.7007966922426148,1,0.9248011553366771,0.14181497645765093,0.533308065897164,55,High,Standard product recommendation,Retention intervention,1
43f9d5ace80c6d3c5c09544bc2fa8484,0.9324500560355826,2.7831220243536494,1,0.9187869212528863,0.14720181852908826,0.5329943698909873,56,High,Standard product recommendation,Retention intervention,1
5cb8c9998e51269d6c8c983def687414,0.9957400932400934,1.4994057156420757,0,0.9948784540320286,0.06320365123070429,0.5290410526313665,57,High,Standard product recommendation,Personalized retention offer,1
6a3a03f3c7afeb25ce61700d914a841a,0.9912735671191555,1.5780990142452354,0,0.9895084963933243,0.0683528363088032,0.5289306663510638,58,High,Standard product recommendation,Personalized retention offer,1
508cae50c5c1e72079d266a513bca9ae,0.9888341687552213,1.6092438226483095,0,0.9865756878697507,0.07039075294892383,0.5284832204093373,59,High,Standard product recommendation,Personalized retention offer,1
6be28ae15cd1e7b3f3f36ac483512822,0.8960865196518104,3.288968603853477,1,0.8750682359285218,0.18030117648208324,0.5276847062053025,60,High,Standard product recommendation,Retention intervention,1
9c9372efb0eaba42664210e312fe38c4,0.9939351851851851,1.4214899502019136,0,0.992708472365252,0.058105342939214884,0.5254069076522334,61,High,Standard product recommendation,Personalized retention offer,1
232007f7d8c26eb8d7daaacb46501783,0.9651580997077448,1.910512415826952,0,0.9581107277657472,0.09010383871393002,0.5241072832398386,62,High,Standard product recommendation,Personalized retention offer,1
698a9cafcc15cac8cdbaee64adc6efbe,0.9940761904761906,1.2488925613331592,0,0.9928779983948846,0.04681167606977008,0.5198448372323273,63,High,Standard product recommendation,Personalized retention offer,1
a38b86dce31f7c014a0c958b548f6a64,0.9459815821839129,2.1103178298060463,1,0.9350554306573036,0.10317782435752107,0.5191166275074123,64,High,Standard product recommendation,Retention intervention,1
53f34954c078f5034197993c0e109b95,0.9854344365312105,1.3580527408927356,0,0.9824883014912642,0.05395441856103735,0.5182213600261508,65,High,Standard product recommendation,Personalized retention offer,1
d3359a56d96666ac0c21bb01e7a61c95,0.7530107247340168,5.601942307502287,1,0.7030529074541501,0.3316473507087345,0.5173501290814423,66,High,Recent-behavior product recommendation,Retention intervention,1
a7d9a3e447614288937ad2bba991676c,0.9459931761311468,2.0249100341715285,1,0.9350693696792247,0.0975892856300706,0.5163293276546477,67,High,Standard product recommendation,Retention intervention,1
c2e9a50bcf76b5783bc96f906f95bceb,0.8354206245235897,4.0477181854125845,1,0.8021316229698552,0.22994888591513402,0.5160402544424946,68,High,Standard product recommendation,Retention intervention,1
ac64c33e439eba6713e1743e070ef50e,1.0,1.0204740146049576,0,1.0,0.03186543041414983,0.515932715207075,69,High,Standard product recommendation,Personalized retention offer,1
043aee247e71edff7045664609f4d806,0.9746707292707293,1.4675299356021811,0,0.9695474498183625,0.06111790449181235,0.5153326771550875,70,High,Standard product recommendation,Personalized retention offer,1
ab243cd9e788d689cc822380f59616e1,0.7221351476602061,6.083990472547656,1,0.6659322153396043,0.36318949295510017,0.5145608541473523,71,High,Recent-behavior product recommendation,Retention intervention,1
81db097ffce4bd958cfffeca7c41e301,0.9718789023841655,1.4807892119538535,0,0.9661909280586072,0.06198550655130563,0.5140882173049564,72,High,Standard product recommendation,Personalized retention offer,1
f50ca6544a0ed8a52cc964e15cbe9cf9,1.0,0.9412035259357051,0,1.0,0.02667847771760934,0.5133392388588047,73,High,Standard product recommendation,Personalized retention offer,1
24d27f115e367d9129a0e7a7a5d36866,0.7701080916987351,5.139403873250806,1,0.7236085101413321,0.3013818001984482,0.5124951551698902,74,High,Recent-behavior product recommendation,Retention intervention,1
eb8ace0670e08632f5fe8977b669530e,0.9329799889461722,2.1456496435688694,1,0.919424042184046,0.10548971179189018,0.5124568769879682,75,High,Standard product recommendation,Retention intervention,1
c0ab0c71f36879a7e904700157a6d88c,0.9972972972972972,0.9443855799431381,0,0.9967506293189488,0.026886690936569778,0.5118186601277592,76,High,Standard product recommendation,Personalized retention offer,1
dec8632530ce2c58e688e63cbc5105e6,0.9867911255411254,1.110212282655977,0,0.9841194041233492,0.03773732750049461,0.5109283658119219,77,High,Standard product recommendation,Personalized retention offer,1
95d47153b9bc4d0fe3b9c714c4b19c3b,0.9988461538461539,0.8804963454241707,0,0.9986127686707822,0.02270618892590654,0.5106594787983444,78,High,Standard product recommendation,Personalized retention offer,1
fc1c735fd279ad7321e7b40a4f9d361f,0.9969696969696971,0.905317389005203,0,0.9963567662060941,0.024330318928066134,0.5103435425670801,79,High,Standard product recommendation,Personalized retention offer,1
e395de53a61a2f8fa96ea1ca399c3ff5,0.9954009661835748,0.9191605793274349,0,0.9944707327116256,0.02523612857521261,0.509853430643419,80,High,Standard product recommendation,Personalized retention offer,1
4c112bdeac93a04155c340b65b35c232,0.9604304873594091,1.537177053943443,0,0.9524268747320057,0.06567516551481153,0.5090510201234086,81,High,Standard product recommendation,Personalized retention offer,1
6a80a86f478a93a5f4c7ba8db6441a6b,0.8292478805673966,3.9459152024604913,1,0.794710335673686,0.22328755121411503,0.5089989434439005,82,High,Standard product recommendation,Retention intervention,1
1803287d1e7138aec6ea9d3c963ed87d,0.9938492063492064,0.9199066235675211,0,0.9926051028349885,0.025284944928534205,0.5089450238817613,83,Medium,Standard product recommendation,Standard product recommendation,0
7305430719d715992b00be82af4a6aa8,0.9760789246725246,1.2416888347421253,0,0.9712404768935228,0.04634031037373652,0.5087903936336297,84,Medium,Standard product recommendation,Standard product recommendation,0
21d3f0a4bf0cccf65dcfe93b8325d250,0.9750612253673399,1.24913659906897,0,0.9700169304482973,0.04682764433504851,0.508422287391673,85,Medium,Standard product recommendation,Standard product recommendation,0
d0b2f9c9f13d9048969517d02237b432,0.991370018870019,0.940643310349265,0,0.9896244571651394,0.026641820800318794,0.508133138982729,86,Medium,Standard product recommendation,Standard product recommendation,0
c37449d8b51eefa148cd87b2c605a1c1,1.0,0.7803027058037095,0,1.0,0.016150159337468543,0.5080750796687342,87,Medium,Standard product recommendation,Standard product recommendation,0
c17db1418a98b4a6d1dcad61cc579c70,0.9948333333333333,0.8510632858354207,0,0.9937882863813905,0.020780278156789248,0.5072842822690898,88,Medium,Standard product recommendation,Standard product recommendation,0
027803eb28cc01fbdf5da72b109fabee,1.0,0.750648345646034,0,1.0,0.014209768077540555,0.5071048840387703,89,Medium,Standard product recommendation,Standard product recommendation,0
ca3865ab988451f1544dad3910217f29,0.9914990740740741,0.8653110815807539,0,0.9897796159977681,0.02171256258951635,0.5057460892936422,90,Medium,Standard product recommendation,Standard product recommendation,0
5ffbc70da7ad1808b6899421caa84fbe,0.9949754901960784,0.8004706405377272,0,0.9939591969078987,0.01746981972065024,0.5057145083142744,91,Medium,Standard product recommendation,Standard product recommendation,0
818a54422350b38d3fb1cb3a1553889f,0.9603841967086582,1.4266189187785019,0,0.9523712210031638,0.05844094976888648,0.5054060853860252,92,Medium,Standard product recommendation,Standard product recommendation,0
f79c969a1665f477201e86ae6e036c30,0.9981818181818182,0.7239893966313201,0,0.9978140597236564,0.012465377323804205,0.5051397185237303,93,Medium,Standard product recommendation,Standard product recommendation,0
dc450fdb03562a6d52752858f7855348,0.9263506936093916,2.0413500152353383,1,0.9114538581598013,0.09866501261928845,0.5050594353895449,94,Medium,Standard product recommendation,Recent-behavior retention recommendation,1
640e0d867e85601bd8e64029df6034b5,0.9951157407407407,0.7646793602220873,0,0.9941278155307947,0.015127867740002805,0.5046278416353988,95,Medium,Standard product recommendation,Standard product recommendation,0
dff5ff8f411dd1d77875f7e17a3eb512,0.9537610376207959,1.5215264466289717,0,0.9444084143894298,0.06465109008428149,0.5045297522368557,96,Medium,Standard product recommendation,Standard product recommendation,0
809ea1c56f165109936fe5c51003fbfb,1.0,0.6618490915199385,0,1.0,0.008399314043859372,0.5041996570219297,97,Medium,Standard product recommendation,Standard product recommendation,0
6a41171c962a6356e8ea95518821dd45,1.0,0.6594940414787223,0,1.0,0.008245214663789413,0.5041226073318947,98,Medium,Standard product recommendation,Standard product recommendation,0
6fc92189a4d83f8f8eb046b050ce8687,0.980969135802469,0.985299229163455,0,0.9771198171013458,0.029563817906659344,0.5033418175040025,99,Medium,Standard product recommendation,Standard product recommendation,0
d375c3a3a6bff030c08c6d4109b3f226,0.977870980870981,1.0266855591947401,0,0.9733950071954451,0.03227187407938426,0.5028334406374148,100,Medium,Standard product recommendation,Standard product recommendation,0
b9fc2d4c90bdadc7052fabe8353084ed,0.997142857142857,0.6665186248753442,0,0.9965649509943171,0.008704858377393952,0.5026349046858555,101,Medium,Standard product recommendation,Standard product recommendation,0
7a443ff6dbc48349835cb18a9355ea1b,0.997142857142857,0.6618490915199385,0,0.9965649509943171,0.008399314043859372,0.5024821325190882,102,Medium,Standard product recommendation,Standard product recommendation,0
38dd3f4e8a4cc5e32dd0a4426a1961fa,0.9970000000000001,0.6618490915199385,0,0.9963931985440333,0.008399314043859372,0.5023962562939464,103,Medium,Standard product recommendation,Standard product recommendation,0
e38bf9a883752b0b65407a103fd7ef30,0.9221642400919469,2.0314667866532417,1,0.9064206226124487,0.09801831748715265,0.5022194700498007,104,Medium,Standard product recommendation,Recent-behavior retention recommendation,1
f30856ad31d3e74253a3f4ccef670648,0.9941263157894737,0.6927183872902376,0,0.992938262412528,0.010419202903181692,0.5016787326578549,105,Medium,Standard product recommendation,Standard product recommendation,0
d4bfdb188411b1d1fdd0a66e8017e8b4,1.0,0.5788682208761582,0,1.0,0.002969577732495038,0.5014847888662475,106,Medium,Standard product recommendation,Standard product recommendation,0
00cc12a6d8b578b8ebd21ea4e2ae8b27,1.0,0.5760224491497383,0,1.0,0.0027833686706122407,0.5013916843353061,107,Medium,Standard product recommendation,Standard product recommendation,0
f4f2d85371955b0e254ce594fcf09a0d,0.9926803751803752,0.7033202516186392,0,0.9911998555144821,0.011112920952480024,0.5011563882334811,108,Medium,Standard product recommendation,Standard product recommendation,0
8ea95e0fc3da49749b66835754e2062e,0.9371509647516229,1.7227807433586095,0,0.9244386693866802,0.07781988132849474,0.5011292753575874,109,Medium,Standard product recommendation,Standard product recommendation,0
075c38f7a650b0dc822712c7a58e93d4,0.9959856630824372,0.6410730024189651,0,0.9951736945869976,0.007039859936852466,0.501106777261925,110,Medium,Standard product recommendation,Standard product recommendation,0
fdb47f6659321662dce6524a8c629d0b,0.9939861111111111,0.6618490915199385,0,0.9927696989331776,0.008399314043859372,0.5005845064885185,111,Medium,Standard product recommendation,Standard product recommendation,0
eaf8b1aa185199a62be13fe370e82ad1,0.983504827547931,0.842601947384166,0,0.9801683959944842,0.020226622401250796,0.5001975091978675,112,Medium,Standard product recommendation,Standard product recommendation,0
d0e4eb7f19326cba84b20949f1c90393,0.9951157407407407,0.6226748543065597,0,0.9941278155307947,0.005836003046791327,0.499981909288793,113,Medium,Standard product recommendation,Standard product recommendation,0
c0118e2c0a037c31aeca71d0b81f66a1,0.9897743568691846,0.7174856534454598,0,0.987706045155859,0.012039814055281171,0.4998729296055701,114,Medium,Standard product recommendation,Standard product recommendation,0
846e4612bebdefeb3a65aa63fee59e3a,0.9484263056589144,1.474506181223555,0,0.9379946413869942,0.061574385291224255,0.4997845133391092,115,Medium,Standard product recommendation,Standard product recommendation,0
5bdb6f56a8fb4272b802f504bb6d1287,0.7207202651055824,5.652531143504612,1,0.6642311485202581,0.3349575598890002,0.49959435420462917,116,Medium,Recent-behavior product recommendation,Recent-behavior retention recommendation,1
a327e19095ffb086d25f7ee477c9d3c6,0.9914529914529914,0.6618490915199385,0,0.9897242123761627,0.008399314043859372,0.49906176321001106,117,Medium,Standard product recommendation,Standard product recommendation,0
85d5b68b9a95c88eec23d3a96287d9c8,0.979589947089947,0.8784214295869991,0,0.9754616638158866,0.02257041973263694,0.4990160417742618,118,Medium,Standard product recommendation,Standard product recommendation,0
e18cd71e54e44b7cedb7991214b691a5,0.9907936507936508,0.6618490915199385,0,0.9889315087594668,0.008399314043859372,0.4986654114016631,119,Medium,Standard product recommendation,Standard product recommendation,0
cd04cd9aa9eb0b51b40a2b124f3a93f3,0.9888376068376069,0.6966587151182465,0,0.9865798213632686,0.010677032700825817,0.49862842703204724,120,Medium,Standard product recommendation,Standard product recommendation,0
999bf1d2709dc80fcf55a92805ecc34f,0.9801082621082621,0.8503417894160034,0,0.9760848169367895,0.020733068055513657,0.4984089424961516,121,Medium,Standard product recommendation,Standard product recommendation,0
bf79e2be560481b2e6014798b4331a18,0.9898988157436432,0.664460221681296,0,0.9878556779723944,0.008570169665653021,0.4982129238190237,122,Medium,Standard product recommendation,Standard product recommendation,0
fda3a3eb3370c1295a4fc3f6cd3d7604,0.9932439129497953,0.6009401409998812,0,0.9918773784635608,0.00441382271603806,0.49814560058979945,123,Medium,Standard product recommendation,Standard product recommendation,0
5e24610c5a55f0b6ffdaf9e846d02362,0.9701058600078208,1.0188264715141901,0,0.9640592574504436,0.031757625754171286,0.49790844160230746,124,Medium,Standard product recommendation,Standard product recommendation,0
bd0f8d6b6bc185debdf79f91ba30fdc6,0.9884333333333333,0.6618490915199385,0,0.986093776608661,0.008399314043859372,0.4972465453262602,125,Medium,Standard product recommendation,Standard product recommendation,0
4e4b787733d41ea0cb9b69a192bb285e,0.9680417267917266,1.022186868182757,0,0.9615776178874043,0.031977508573794035,0.49677756323059913,126,Medium,Standard product recommendation,Standard product recommendation,0
e4b98eebb8983cade8610c0def59f705,0.8067511333954831,3.9833566163304086,1,0.7676632355222939,0.2257374773580696,0.49670035644018173,127,Medium,Standard product recommendation,Recent-behavior retention recommendation,1
7e050832e2248c400621f6b22315d4bb,0.9827545155993433,0.7368843713729387,0,0.9792663205849526,0.013309141820916533,0.49628773120293457,128,Medium,Standard product recommendation,Standard product recommendation,0
d2560fea402745a0f20f542f829c6109,0.9706466893672776,0.9566624479792523,0,0.9647094788241497,0.0276900104926115,0.4961997446583806,129,Medium,Standard product recommendation,Standard product recommendation,0
164ba50c15bd1157975375a75bbde58e,0.9916791187739464,0.5637316766434166,0,0.9899960778263142,0.0019791392951604495,0.4959876085607373,130,Medium,Standard product recommendation,Standard product recommendation,0
c4536b58064f144d0538c9cc69c2765d,0.9159179867634756,1.940554542178485,0,0.8989109574126262,0.09206960290820751,0.49549028016041685,131,Medium,Standard product recommendation,Standard product recommendation,0
a44636f3316d0114566918bd02ef58bd,0.9905689964157705,0.5550201426740955,0,0.9886614141803907,0.0014091123485408946,0.4950352632644658,132,Medium,Standard product recommendation,Standard product recommendation,0
ae8482b27b2119e2c3278f5ddf9c1024,0.9852949494949494,0.6396501957471978,0,0.9823206008094392,0.006946760587691503,0.49463368069856534,133,Medium,Standard product recommendation,Standard product recommendation,0
bf257f507db19138f5bc4065313c1f87,0.9668512993812226,0.9781990286141963,0,0.9601464061149281,0.02909922629125227,0.4946228162030902,134,Medium,Standard product recommendation,Standard product recommendation,0
0451ef5a31cea3e14ce02d768d7c9943,0.9689265812618754,0.9293269215139223,0,0.9626414493511546,0.025901348847011035,0.4942713990990828,135,Medium,Standard product recommendation,Standard product recommendation,0
eb5d7d093a080f6b02d4b1ed626db0ff,0.9866973287290626,0.5886106088228872,0,0.9840066352972447,0.0036070571561664933,0.4938068462267056,136,Medium,Standard product recommendation,Standard product recommendation,0
f7be9bec658c62ab6240b44cd26c0b84,0.9837443525597686,0.6416925218961698,0,0.9804563690482964,0.00708039732064801,0.4937683831844722,137,Medium,Standard product recommendation,Standard product recommendation,0
57b5d9f9fa4f1ff41befbfbf0fcbc3ca,0.9705254553426892,0.8842367609067739,0,0.9645637231386837,0.022950937740999905,0.49375733043984177,138,Medium,Standard product recommendation,Standard product recommendation,0
3f5534bf8c9378ee05b7dd684cb20e8a,0.976283261042541,0.7752874843093132,0,0.9714861437991502,0.01582199538779685,0.4936540695934735,139,Medium,Standard product recommendation,Standard product recommendation,0
5b65c2693d8103d23aa910cd33d68daa,0.9182074436042166,1.8382742687864113,0,0.9016634961681453,0.08537703737997585,0.4935202667740606,140,Medium,Standard product recommendation,Standard product recommendation,0
aaad6d68de5490cba508e4203ddc87de,0.9794703629703629,0.7011116368293332,0,0.9753178917570113,0.010968403356722431,0.4931431475568669,141,Medium,Standard product recommendation,Standard product recommendation,0
5cfc9643603c095fd7ed86a50fa17887,0.9288979583266515,1.6207955503476161,0,0.9145163508567833,0.07114662396909155,0.4928314874129374,142,Medium,Standard product recommendation,Standard product recommendation,0
c130bf40aa6d3bdb444b04a8d78adf5a,0.984794772044772,0.5884260433580515,0,0.9817192538909252,0.0035949803751148188,0.49265711713302,143,Medium,Standard product recommendation,Standard product recommendation,0
233c8f191c45cef30af148a82ac70020,0.970266737891738,0.8515310984212668,0,0.9642526756457588,0.02081088881397536,0.49253178222986704,144,Medium,Standard product recommendation,Standard product recommendation,0
9cc5a07f169a1606fd347a56683e6ea6,0.708515891620781,5.657258002143545,1,0.6495582311688763,0.335266855221664,0.49241254319527017,145,Medium,Recent-behavior product recommendation,Recent-behavior retention recommendation,1
409fffcdaf4d0eb689458f1df6b2c240,0.9710205905205905,0.8335575770648079,0,0.9651590078988685,0.019634816777190076,0.4923969123380293,146,Medium,Standard product recommendation,Standard product recommendation,0
989ff17eed965d5e5949b4d9a6f6af67,0.9557670649295888,1.108830324664565,0,0.9468201951287845,0.03764690102715763,0.49223354807797104,147,Medium,Standard product recommendation,Standard product recommendation,0
07b28cf1d8515d08ccca505e273fffaf,0.9647956465486057,0.9399793631901903,0,0.9576749622383796,0.02659837635377965,0.4921366692960796,148,Medium,Standard product recommendation,Standard product recommendation,0
7b32049d8495d56c8b27eae575921a60,0.9836076902025178,0.5925006191816207,0,0.9802920643852604,0.0038615945011296476,0.49207682944319503,149,Medium,Standard product recommendation,Standard product recommendation,0
e0233c751408137ec5cdde0c37e6a61a,0.9458730873277439,1.2842614166119328,0,0.9349249908555717,0.04912598726352641,0.49202548905954907,150,Medium,Standard product recommendation,Standard product recommendation,0
5ee1a7e84a17bcddc784977557a7a186,0.9796741351241353,0.6588720722309247,0,0.9755628803239818,0.008204516982708,0.49188369865334486,151,Medium,Standard product recommendation,Standard product recommendation,0
1fe11e8f0fa5bea7416ec09d6e8d2b4d,0.9854333333333333,0.552043005315405,0,0.9824869751526941,0.0012143075616666416,0.4918506413571804,152,Medium,Standard product recommendation,Standard product recommendation,0
44a22a3351d7f1bb3d337d1be11b41fb,0.9807191419757876,0.6296019196803027,0,0.9768192577353267,0.006289265806017699,0.49155426177067224,153,Medium,Standard product recommendation,Standard product recommendation,0
ee2e40e31211c5c36ebf28b78316542e,0.9856898148148148,0.5334851430329354,0,0.9827953344129727,0.0,0.49139766720648637,154,Medium,Standard product recommendation,Standard product recommendation,0
869be6f00b4c49e72f9a1e2033baa9f0,0.9798128163870731,0.6396526088312235,0,0.9757296122510082,0.006946918484443544,0.49133826536772585,155,Medium,Standard product recommendation,Standard product recommendation,0
0396c443fdda5498c7e9ed5b34871c5a,0.9816580750029025,0.6015064846335839,0,0.9779481060717445,0.004450880613463916,0.4911994933426042,156,Medium,Standard product recommendation,Standard product recommendation,0
6940e424e41600ef36c79b6d8b4a2ecd,0.9642910906675276,0.8976954696055257,0,0.9570683512762166,0.023831589375030028,0.4904499703256233,157,Medium,Standard product recommendation,Standard product recommendation,0
ea3f9ba2162d33a56fa8ff315f2c38ce,0.9826775974757719,0.5524206320798204,0,0.9791738444515901,0.0012390170367418268,0.4902064307441659,158,Medium,Standard product recommendation,Standard product recommendation,0
c803385049057260f738c18c12749747,0.9757250810718552,0.6618490915199385,0,0.9708150623554965,0.008399314043859372,0.48960718819967797,159,Medium,Standard product recommendation,Standard product recommendation,0
cc14ea7099959d91a17c9d7c3a46721d,0.9798790885040886,0.5449489777564471,0,0.9758092890403887,0.0007501198671792525,0.48827970445378394,160,Medium,Standard product recommendation,Standard product recommendation,0
4ef6c02126b21225e011b242f9f79c6f,0.9606621303457396,0.8968902174627945,0,0.9527053714854594,0.023778898836050735,0.4882421351607551,161,Medium,Standard product recommendation,Standard product recommendation,0
2b6ce149982204423f4efac29701255a,0.9414153141666749,1.248811199496704,0,0.9295655566130006,0.04680635227267887,0.4881859544428397,162,Medium,Standard product recommendation,Standard product recommendation,0
1a29e9f39d667f12684910a8edc4b56c,0.9688989172592115,0.7375098443919856,0,0.9626081898294594,0.013350068766331179,0.4879791292978953,163,Medium,Standard product recommendation,Standard product recommendation,0
194be31520cde5c527bad17720119e85,0.9039459366541753,1.9277958324556868,0,0.8845173548242486,0.09123475472053993,0.48787605477239426,164,Low,Standard product recommendation,Standard product recommendation,0
355ae139c8a163fb77c065a2d1403ed9,0.9712176005408137,0.6905214440923425,0,0.9653958665747957,0.01027544902155729,0.4878356577981765,165,Low,Standard product recommendation,Standard product recommendation,0
851eefea71a07755f017e75fae31f2fd,0.9469728787143491,1.1228713505249008,0,0.9362472339137276,0.03856565576389628,0.4874064448388119,166,Low,Standard product recommendation,Standard product recommendation,0
527c6fbbe85cdf78ff1645e0a71e266f,0.9546483797830583,0.9783015973991314,0,0.9454752367236927,0.029105937735126673,0.4872905872294097,167,Low,Standard product recommendation,Standard product recommendation,0
910ef561b28c67973b74ce21e0d252ea,0.9469821366222535,1.1165937716647876,0,0.9362583643922973,0.03815489123925623,0.4872066278157767,168,Low,Standard product recommendation,Standard product recommendation,0
b0f47d39f0e55621071ec1e93ca6b74d,0.9664427621598674,0.7279665413602594,0,0.9596552352333276,0.012725616183468319,0.486190425708398,169,Low,Standard product recommendation,Standard product recommendation,0
ad42aaf1833e2a64136a9d9f823d77ab,0.9678212200828524,0.6618490915199385,0,0.9613125099145317,0.008399314043859372,0.48485591197919553,170,Low,Standard product recommendation,Standard product recommendation,0
7d19f93ed7e2ea8211975b68525b0598,0.9539798224651167,0.9092484563637682,0,0.9446714522211097,0.024587542779944585,0.48462949750052714,171,Low,Standard product recommendation,Standard product recommendation,0
21effa61d72771ba8315ab56ce7fb7ac,0.9615104339446725,0.717690429509217,0,0.9537252590373706,0.012053213288387002,0.4828892361628788,172,Low,Standard product recommendation,Standard product recommendation,0
378c06babf08c70f32e748ac24ea33e0,0.9579726228798074,0.7674886555804943,0,0.9494718650041403,0.015311690022157098,0.48239177751314866,173,Low,Standard product recommendation,Standard product recommendation,0
142575266950512b56af193f3962270a,0.9376359502543966,1.1023542061193237,0,0.9250217515258559,0.03722314533805734,0.4811224484319566,174,Low,Standard product recommendation,Standard product recommendation,0
9c760a39c48113c1450dd5b65958d7fa,0.9633672406025346,0.6249474190848648,0,0.9559576366897127,0.005984705119943368,0.480971170904828,175,Low,Standard product recommendation,Standard product recommendation,0
64e9a736591627c469dae6f3d1592a61,0.9656886471228578,0.5761577500904148,0,0.9587485874955102,0.0027922218969625226,0.48077040469623633,176,Low,Standard product recommendation,Standard product recommendation,0
a5c93e7b12545f61cbf92efa2d77f1f3,0.784138715934557,3.901245524271999,1,0.7404770687819608,0.22036465378251047,0.48042086128223566,177,Low,Recent-behavior product recommendation,Recent-behavior product recommendation,0
4f4d2fe2987efa0b9e4e61a466e8ed8b,0.9544504373622021,0.7510862086275113,0,0.9452372570531122,0.014238419024577918,0.47973783803884507,178,Low,Standard product recommendation,Standard product recommendation,0
c2b85086965c0fed46df434ddd474a9a,0.9318783008983396,1.1341530005025002,0,0.9180995188323982,0.039303854629011044,0.4787016867307046,179,Low,Standard product recommendation,Standard product recommendation,0
52597838f6c178b19b961b068d048c71,0.9064048509832109,1.5949323687321824,0,0.887473626751603,0.06945430313351525,0.47846396494255916,180,Low,Standard product recommendation,Standard product recommendation,0
665f8bbe2cf428657aeb0572c27fef58,0.9107611501484564,1.4775188128337278,0,0.8927110621422145,0.06177151259441611,0.47724128736831534,181,Low,Standard product recommendation,Standard product recommendation,0
1e433d2aca7584032f8f56d51643e605,0.9244185228268361,1.2150884780298628,0,0.909130872695902,0.04459975352472686,0.47686531311031444,182,Low,Standard product recommendation,Standard product recommendation,0
a944a93bfa1d65b1523c45f9ccb01ec0,0.9201804402759086,1.277975169474623,0,0.9040355652575043,0.04871465554238571,0.476375110399945,183,Low,Standard product recommendation,Standard product recommendation,0
9ff6787921b9aecefdb9c8212ebd8679,0.9558123219899788,0.6219098873984774,0,0.9468746062058868,0.0057859485153603785,0.4763302773606236,184,Low,Standard product recommendation,Standard product recommendation,0
18f17efd50fd7e9595cc1a40205c937c,0.9383939089966082,0.9276989066606761,0,0.9259330204241798,0.025794821989730182,0.475863921206955,185,Low,Standard product recommendation,Standard product recommendation,0
12c54f6dfd4b723a6c76c4c989494422,0.9226476659075674,1.2083948203968664,0,0.907001829590993,0.044161763472034564,0.4755817965315138,186,Low,Standard product recommendation,Standard product recommendation,0
fd09c64a101e3eff4adbca1b28552514,0.9445741355979472,0.7725647900106882,0,0.933363303858818,0.015643839723927633,0.4745035717913728,187,Low,Standard product recommendation,Standard product recommendation,0
1118bbd6c82a824ebc677b12e525864f,0.9365947186335446,0.8816831929156056,0,0.9237699129504933,0.022783848618680318,0.4732768807845868,188,Low,Standard product recommendation,Standard product recommendation,0
43c73f9043398f0dd2163fc5f825e61a,0.9517380811523446,0.5605534084984926,0,0.9419762802775071,0.0017711737987772189,0.4718737270381422,189,Low,Standard product recommendation,Standard product recommendation,0
7bada66424f46ce9a766b94974849e09,0.9201421480418092,1.139715670646351,0,0.9039895277622703,0.03966784010944626,0.47182868393585825,190,Low,Standard product recommendation,Standard product recommendation,0
582413ee5c9cf48218666c6fd967a221,0.9448924387103004,0.6745355024137695,0,0.933745989235176,0.009229431459556611,0.4714877103473663,191,Low,Standard product recommendation,Standard product recommendation,0
98d2fc070f4afbd02c5788eacc6949c5,0.8667271605161151,2.1064053915269287,1,0.8397704428362285,0.10292181947319912,0.4713461311547138,192,Low,Standard product recommendation,Standard product recommendation,0
4473c7b8da89833fc08fcd3443faea81,0.944993499645982,0.6618490915199385,0,0.9338674914784952,0.008399314043859372,0.4711334027611773,193,Low,Standard product recommendation,Standard product recommendation,0
200d8b1f16d0cc9600022fdc99987a7f,0.9461931535268998,0.6358298985152587,0,0.9353097959332788,0.006696784822921437,0.4710032903781001,194,Low,Standard product recommendation,Standard product recommendation,0
ef7ccf8e6acbf1ac71af305967e708c3,0.9228055491667059,1.0497740444245065,0,0.9071916474473041,0.033782636567821205,0.47048714200756264,195,Low,Standard product recommendation,Standard product recommendation,0
51c23d1b01aebce5a1e32e3d9b312aa3,0.928017441904641,0.9505273381282227,0,0.913457734885813,0.027288568226774758,0.4703731515562939,196,Low,Standard product recommendation,Standard product recommendation,0
191e0f453bea7f50ce1fcd514af38835,0.9027134420821055,1.3686592918658746,0,0.8830355670852443,0.05464844327432839,0.46884200517978636,197,Low,Standard product recommendation,Standard product recommendation,0
f596242db91986b554f25768577cd5be,0.9083494167008731,1.2433087818324218,0,0.8898115142388321,0.046446309328320036,0.4681289117835761,198,Low,Standard product recommendation,Standard product recommendation,0
98e3117841a2431959d17808f04bf23c,0.871558377169416,1.8882116327032326,0,0.845578855922634,0.08864461840255822,0.46711173716259613,199,Low,Standard product recommendation,Standard product recommendation,0
9abba9caa203cd4344b8c918d6ade26e,0.9415203135831938,0.5600426130441132,0,0.9296917939624592,0.0017377506181717808,0.4657147722903155,200,Low,Standard product recommendation,Standard product recommendation,0
fb82affcdf98ee48d9d36c7feb802417,0.901027359308279,1.2681789991313117,0,0.8810084451507385,0.048073656943398664,0.4645410510470686,201,Low,Standard product recommendation,Standard product recommendation,0
d66f438b3fcdcf22e7224aaeaf525443,0.8570518135731555,2.07446826926594,1,0.8281380910226113,0.10083205889253005,0.46448507495757063,202,Low,Standard product recommendation,Standard product recommendation,0
346fce1712054d4339be023a27c38f13,0.9283490174697728,0.739420167729927,0,0.9138563772961734,0.01347506808140217,0.4636657226887878,203,Low,Standard product recommendation,Standard product recommendation,0
e2c483395f5aa739622936a3e826921d,0.8875844896959175,1.4846779571297775,0,0.8648465245873256,0.06223996111081489,0.4635432428490702,204,Low,Standard product recommendation,Standard product recommendation,0
e7039843c54c69530bbf70d926baaab6,0.8230626624487617,2.6175244174929317,1,0.7872740511017642,0.13636617252934277,0.4618201118155535,205,Low,Standard product recommendation,Standard product recommendation,0
24fc2d6f4c3339820a1a3746a125f8c5,0.9216008604630869,0.797399689413758,0,0.9057432897905706,0.017268876362272853,0.4615060830764217,206,Low,Standard product recommendation,Standard product recommendation,0
66ffab11964dda54f46a826323635120,0.8035567249983342,2.950378080246469,1,0.763822703236364,0.1581459828037119,0.460984343020038,207,Low,Standard product recommendation,Standard product recommendation,0
7441ce776af8da3b9df3d3f3c1e13ab1,0.9273941086528805,0.6747168987277136,0,0.9127083217924792,0.009241300871686522,0.46097481133208285,208,Low,Standard product recommendation,Standard product recommendation,0
2cf396c9e24e7627ff042cccb209b9e6,0.8948481735858602,1.2474218859169557,0,0.8735794131306351,0.046715444496786586,0.46014742881371085,209,Low,Standard product recommendation,Standard product recommendation,0
8f6ce2295bdbec03cd50e34b4bd7ba0a,0.9184722645523679,0.8085091995773892,0,0.9019818816952663,0.01799581150128686,0.45998884659827655,210,Low,Standard product recommendation,Standard product recommendation,0
668ddbdd3ee99d4339eadfef21531d45,0.9299485789865671,0.5892343181113291,0,0.9157794775654007,0.0036478686943549263,0.4597136731298778,211,Low,Standard product recommendation,Standard product recommendation,0
51d91326ffc0688da14a001de38c264b,0.6536608181282374,5.628728768782807,1,0.5836077781888511,0.33340008504785895,0.458503931618355,212,Low,Recent-behavior product recommendation,Recent-behavior product recommendation,0
cb5c545d96f39390b7f372aaa88c4a7e,0.923741142521662,0.6494415517056815,0,0.9083164806055868,0.0075874441641930815,0.45795196238488994,213,Low,Standard product recommendation,Standard product recommendation,0
cecc19ff12c206e6368dd1e9c22a848d,0.913109099012026,0.8221810339505595,0,0.8955339239354341,0.01889040871342789,0.45721216632443096,214,Low,Standard product recommendation,Standard product recommendation,0
54c7b4f48fb9e911bf328bf9884ca61d,0.8837611874134482,1.3575184400084372,0,0.8602498938409884,0.05391945733575542,0.4570846755883719,215,Low,Standard product recommendation,Standard product recommendation,0
b045295488236fa73d8d9c37dc4b03e7,0.8439402832500875,2.0809447552373053,1,0.8123745288028796,0.10125583862364088,0.45681518371326024,216,Low,Standard product recommendation,Standard product recommendation,0
699003f10173022740145aa4aaeaccd5,0.923975560235755,0.6014545995712774,0,0.9085983133230853,0.004447485587542432,0.4565228994553139,217,Low,Standard product recommendation,Standard product recommendation,0
4377c22228de511d013c6a7560d58a2d,0.9188778620914885,0.666304580855663,0,0.9024695182934785,0.008690852708655161,0.4555801855010668,218,Low,Standard product recommendation,Standard product recommendation,0
f944ee56d8467517955c2ddc7b0d486a,0.9093301982662971,0.8404113168770865,0,0.8909906756982178,0.020083281581652346,0.45553697863993503,219,Low,Standard product recommendation,Standard product recommendation,0
e06e62694cd8ce637a1c3f4a624c647e,0.9074509088335175,0.8430714240170004,0,0.8887312677441068,0.020257341943006157,0.45449430484355646,220,Low,Standard product recommendation,Standard product recommendation,0
f1a325803dd4c341c5a946ac84c71973,0.8147783515163954,2.5431503284556025,1,0.7773140961909173,0.13149960884137912,0.4544068525161482,221,Low,Standard product recommendation,Standard product recommendation,0
91b4cc37bd28118ddabe8e7692c78f2e,0.915820608227342,0.6534751345049057,0,0.898793882397324,0.007851375969438412,0.45332262918338123,222,Low,Standard product recommendation,Standard product recommendation,0
1a68c22c23a52a35f499dbd3c5a020a6,0.8793209863290493,1.3076525448886913,0,0.8549115859289897,0.0506565527731764,0.45278406935108306,223,Low,Standard product recommendation,Standard product recommendation,0
693b3203dcd4cef5288c5fd8d53f0efe,0.9196964675946585,0.5551789346467509,0,0.9034537008003773,0.0014195026774587657,0.45243660173891803,224,Low,Standard product recommendation,Standard product recommendation,0
5b26618da34612cc4947bbf6ef4fb67c,0.9176552480847285,0.592147266072531,0,0.9009996096335895,0.0038384733384776645,0.45241904148603357,225,Low,Standard product recommendation,Standard product recommendation,0
05e52c1f96f8b83dd66dcdce679ff58d,0.8952444440321802,0.9873983689756491,0,0.8740558360715496,0.029701172161591537,0.45187850411657055,226,Low,Standard product recommendation,Standard product recommendation,0
048dbdf8f9bbd1be87b25868d1408311,0.903140739536282,0.8359775650982922,0,0.8835492927785293,0.01979316528325581,0.4516712290308926,227,Low,Standard product recommendation,Standard product recommendation,0
6c2f6983a60ac0dc8a9ee65579959538,0.9013464678815387,0.8627640495490937,0,0.8813920989062867,0.02154590113849493,0.4514690000223908,228,Low,Standard product recommendation,Standard product recommendation,0
318b8659483e12e9cbe1e6550d97f9d9,0.9104023385376834,0.6807744884911062,0,0.89227967472883,0.009637670719851131,0.45095867272434054,229,Low,Standard product recommendation,Standard product recommendation,0
e45b0c7dd75287df589a26fdb7c2fcaf,0.8851053923044323,1.1373813527454517,0,0.8618659872269614,0.039515097307756576,0.450690542267359,230,Low,Standard product recommendation,Standard product recommendation,0
ee3adea169ca02ca9bd1e80bc620856e,0.873843617961652,1.322793823429635,0,0.8483263258615248,0.05164730099329532,0.44998681342741004,231,Low,Standard product recommendation,Standard product recommendation,0
429de3d8004cbe46652a0e069fc545e3,0.9052617224304667,0.7359650867494978,0,0.886099280842138,0.013248989727287587,0.4496741352847128,232,Low,Standard product recommendation,Standard product recommendation,0
75ff587e87e047a7e00f75bbcab17c00,0.8824117934836894,1.1292408874722262,0,0.8586275618441461,0.03898243743636071,0.44880499964025344,233,Low,Standard product recommendation,Standard product recommendation,0
71f5d6c0cf885d0b2b52836a4c469bc3,0.9044929832065598,0.6618490915199385,0,0.8851750509247893,0.008399314043859372,0.44678718248432436,234,Low,Standard product recommendation,Standard product recommendation,0
3f6ac9a49767899814866524054ba779,0.8980647495280223,0.7680122416124026,0,0.8774465967277745,0.01534595013617518,0.44639627343197485,235,Low,Standard product recommendation,Standard product recommendation,0
7973a6ba9c81ecaeb3d628c33c7c7c48,0.8799150864334178,0.9975345715748285,0,0.8556258529694651,0.030364420291975357,0.44299513663072027,236,Low,Standard product recommendation,Standard product recommendation,0
2f7c8c8386941ce0ef458ca7ff304123,0.8811951049745943,0.9591181715204522,0,0.8571647772154587,0.02785069730125641,0.44250773725835757,237,Low,Standard product recommendation,Standard product recommendation,0
17c7da60a0690728119612a54035452d,0.8805043843455919,0.901118275201383,0,0.8563343464920079,0.024055555834846393,0.44019495116342716,238,Low,Standard product recommendation,Standard product recommendation,0
2ac4312997e09e6770fd4c3d52adf77a,0.7782054202975749,2.7454767887597455,1,0.7333436623345779,0.1447385555979056,0.43904110896624177,239,Low,Recent-behavior product recommendation,Recent-behavior product recommendation,0
bbe8686a830c0caaf68452997d73d396,0.7602586814454608,3.073025231361508,1,0.7117668877273573,0.16617122626920244,0.43896905699827987,240,Low,Recent-behavior product recommendation,Recent-behavior product recommendation,0
996fdddf8cd5bbb99b221fcaf5ba1359,0.879579118943679,0.8578193365887735,0,0.8552219302924162,0.02122235081537071,0.43822214055389347,241,Low,Standard product recommendation,Standard product recommendation,0
8ec9e01dc8cbd31897a2f2116c5fbae4,0.8833578342205743,0.7061316326106294,0,0.8597649555465463,0.011296879705128188,0.43553091762583723,242,Low,Standard product recommendation,Standard product recommendation,0
455b49402053f170c64a3ae7fced73d4,0.8553533601382092,1.207393107291057,0,0.8260960962485926,0.04409621778684248,0.43509615701771753,243,Low,Standard product recommendation,Standard product recommendation,0
444afd392665f1cc1f3b65ec48063735,0.8833343240868415,0.6840562617804339,0,0.8597366900850205,0.009852408929470813,0.43479454950724566,244,Low,Standard product recommendation,Standard product recommendation,0
21a2d9dc71459dbd3dad219cb9681964,0.8667454616598856,0.9828488649532884,0,0.8397924457002275,0.02940348177828677,0.43459796373925713,245,Low,Standard product recommendation,Standard product recommendation,0
80e00a7b9ead7590bf05116f0237c896,0.852160455751522,1.2378322039288492,0,0.822257372185037,0.04608795717228283,0.43417266467865995,246,Low,Standard product recommendation,Standard product recommendation,0
301a6d74a3eb7cd8e3508a045b8fa2e1,0.8836626724356972,0.636155732417,0,0.8601314525192594,0.006718105305028123,0.43342477891214376,247,Low,Standard product recommendation,Standard product recommendation,0
8901b2526349d372dd0bdf8d77af656d,0.8646241783895058,0.9566305187962321,0,0.8372420965041862,0.027687921251523855,0.43246500887785505,248,Low,Standard product recommendation,Standard product recommendation,0
c658495c41a24ef33a852db6840738a1,0.8815127180740187,0.6183185817929417,0,0.8575466330119379,0.00555095649490675,0.43154879475342234,249,Low,Standard product recommendation,Standard product recommendation,0
25f3cf83109f636d52d288fa4e797111,0.6084510084801035,5.588142585448238,1,0.5292535091012263,0.3307443853464493,0.4299989472238378,250,Low,Recent-behavior product recommendation,Recent-behavior product recommendation,0
44ed2c2de63bfe22f6596547584d7372,0.8634460333168128,0.9027073590180303,0,0.8358256513830098,0.02415953529461961,0.4299925933388147,251,Low,Standard product recommendation,Standard product recommendation,0
abfe742e782fb10f5c824fcb849e5cd1,0.881856802122395,0.5491436369690585,0,0.8579603139608243,0.0010245914805018866,0.4294924527206631,252,Low,Standard product recommendation,Standard product recommendation,0
6ff62b85b8dd35a3402d54618bdafec6,0.868690911287099,0.7260864504232374,0,0.8421313958828753,0.012602595082939767,0.4273669954829076,253,Low,Standard product recommendation,Standard product recommendation,0
8efdcd51f527f5aec0875573fd2210b3,0.8521119472242715,0.985192134399966,0,0.8221990519761326,0.029556810311757505,0.42587793114394507,254,Low,Standard product recommendation,Standard product recommendation,0
70755e5b9df5988f592f3dec6279f1be,0.8366733065781741,1.2152120312938732,0,0.803637681455968,0.044607838058412515,0.42412275975719027,255,Low,Standard product recommendation,Standard product recommendation,0
8dfbc9064378d19ac99a21ac353072d7,0.7592268838374368,2.610586685778162,1,0.7105263913557291,0.1359122118331252,0.42321930159442717,256,Low,Recent-behavior product recommendation,Recent-behavior product recommendation,0
19be5923f7d998e76b9f3b1eb87c32af,0.865662009774321,0.6515034089226411,0,0.8384898470874527,0.007722358885054875,0.4231061029862538,257,Low,Standard product recommendation,Standard product recommendation,0
bc877a9f97bb3f3d4fcd5f86028f81a9,0.8228156234791864,1.4378257475740035,0,0.7869770442633826,0.059174252815409036,0.4230756485393958,258,Low,Standard product recommendation,Standard product recommendation,0
cf26c0ed98d29abab5c9fe2643f88d19,0.8642909477032213,0.6360028325966919,0,0.8368414641960316,0.006708100520794277,0.4217747823584129,259,Low,Standard product recommendation,Standard product recommendation,0
7ed57df0e6ae22a4f9e0250d52608ad5,0.8562364847376578,0.6795120959907553,0,0.827157847945623,0.009555067845897519,0.41835645789576026,260,Low,Standard product recommendation,Standard product recommendation,0
455c17b35969ca198c17f2fc9e8eba1b,0.7417523537583188,2.7555221360676123,1,0.6895173378451627,0.1453958587403604,0.41745659829276155,261,Low,Recent-behavior product recommendation,Recent-behavior product recommendation,0
69e4074cb5368c1539397e4ea570757a,0.8264518845545377,1.0755674051894706,0,0.7913488015103336,0.03547038877445755,0.41340959514239556,262,Low,Standard product recommendation,Standard product recommendation,0
4b979b432abe14a88cd0cde893952677,0.8404763496931745,0.6618490915199385,0,0.8082099552707309,0.008399314043859372,0.40830463465729516,263,Low,Standard product recommendation,Standard product recommendation,0
cf7d5df4ee5ebe39ed41f0c5c1584b1c,0.8414660041548319,0.5675173899229797,0,0.8093997843218008,0.002226852107751899,0.40581331821477634,264,Low,Standard product recommendation,Standard product recommendation,0
86b0aa3acd7e8f7427c8915780f5cd27,0.835284316550723,0.6618490915199385,0,0.8019677443715234,0.008399314043859372,0.4051835292076914,265,Low,Standard product recommendation,Standard product recommendation,0
4df9aee56fa602c72756abb22ee60b17,0.8334030910973264,0.6702289494256527,0,0.7997060088034191,0.008947638234744926,0.404326823519082,266,Low,Standard product recommendation,Standard product recommendation,0
50cd97d731f3f5e3f321673c2671a23d,0.5619423363599375,5.637127699443896,1,0.47333766032852614,0.33394965723760994,0.40364365878306807,267,Low,Recent-behavior product recommendation,Recent-behavior product recommendation,0
b896655e2083a1d76b7b85df8fc86e40,0.5614863966209241,5.642022541781684,1,0.472789498957024,0.33426994434684004,0.403529721651932,268,Low,Recent-behavior product recommendation,Recent-behavior product recommendation,0
f7b981e8a280e455ac3cbe0d5d171bd1,0.8303303694328605,0.6618490915199385,0,0.7960117764790271,0.008399314043859372,0.40220554526144325,269,Low,Standard product recommendation,Standard product recommendation,0
0aadc1d26d1c8b88a52c39a533ccea93,0.7808769856613325,1.5551775429235535,0,0.7365555976158151,0.06685300214004036,0.4017042998779278,270,Low,General product recommendation,General product recommendation,0
2ac6f6d09c75bb721defa2eb7a4f52a1,0.8268607169588038,0.5684191005896532,0,0.7918403272806513,0.0022858542742897614,0.39706309077747054,271,Low,Standard product recommendation,Standard product recommendation,0
8dcf2096a68ce8212a3f534ab31ee23e,0.7964214717642167,1.1166487817295174,0,0.7552442226518616,0.03815849074530669,0.39670135669858414,272,Low,General product recommendation,General product recommendation,0
26d1b63e9b8478f84f87188c4877049e,0.7071589978945817,2.7024086929018223,1,0.647926882413127,0.14192045544871643,0.39492366893092173,273,Low,Recent-behavior product recommendation,Recent-behavior product recommendation,0
71e1f051740a6d2fcdc204e989035526,0.8178338799898,0.6347203047244342,0,0.7809876577064585,0.006624180117160185,0.3938059189118093,274,Low,Standard product recommendation,Standard product recommendation,0
570eb70ff97166b85ea96be3bfb65fef,0.7786096269632451,1.3062254206312762,0,0.7338296267313282,0.05056317090888408,0.39219639882010615,275,Low,General product recommendation,General product recommendation,0
6832bd3ca1bf89c9e60bf3c91d846ec9,0.7624058724248386,1.4952018495516541,0,0.71434838491091,0.06292857717830896,0.3886384810446095,276,Low,General product recommendation,General product recommendation,0
10a4b9f45f67e6bc9ca4032b9203272c,0.8023596519188799,0.6820403194512507,0,0.7623835015944058,0.009720498584574924,0.38605200008949037,277,Low,Standard product recommendation,Standard product recommendation,0
e87c2e2e5985c5996ec20651a3d50fe7,0.8037385300059827,0.6471223122690967,0,0.764041281425127,0.007435688000563136,0.38573848471284505,278,Low,Standard product recommendation,Standard product recommendation,0
941254873ba3ece63e297277436e4c36,0.8019241694239257,0.6426962731220087,0,0.7618599352954563,0.007146076367351567,0.3845030058314039,279,Low,Standard product recommendation,Standard product recommendation,0
fc685f5d020dbc22ef7dae7822f336dc,0.7831678519216504,0.9443822580625759,0,0.7393098308701951,0.026886473573997288,0.3830981522220962,280,Low,General product recommendation,General product recommendation,0
25a560b9a6006157838aab1bdbd68624,0.7925834458745143,0.6857910278288712,0,0.7506298901961894,0.009965920900746189,0.3802979055484678,281,Low,General product recommendation,General product recommendation,0
d393419796111dfaf317ca354f6c30e6,0.7765618668851102,0.8523488557537178,0,0.7313676720542324,0.020864397612418248,0.3761160348333253,282,Low,General product recommendation,General product recommendation,0
e05757dc57fc38f5156c82e9e4444f8f,0.7511972066788043,1.2485862503661336,0,0.7008725742668294,0.04679163304337949,0.37383210365510444,283,Low,General product recommendation,General product recommendation,0
60e6fe581610db699ac03fec61f4d53f,0.7757797182287027,0.7855867874688353,0,0.7304273204166614,0.016495915773461038,0.3734616180950612,284,Low,General product recommendation,General product recommendation,0
eaa604ab9f816252edb7a8d297f932e5,0.7694054287588432,0.8459937136610072,0,0.7227637215697802,0.02044855784697639,0.3716061397083783,285,Low,General product recommendation,General product recommendation,0
ff8892f7c26aa0446da53d01b18df463,0.7285660894183693,1.5315298939659974,0,0.673663925371798,0.0653056515612011,0.36948478846649957,286,Low,General product recommendation,General product recommendation,0
dff33bfc45ae0becc55ce9b50acd4073,0.636178803637618,3.19441003357963,1,0.5625897264161843,0.17411386971386864,0.3683517980650265,287,Low,Recent-behavior product recommendation,Recent-behavior product recommendation,0
11b47516f8f6a42105b9807903ede333,0.5640889825233395,4.498371033983333,1,0.47591850249772744,0.25943671987880157,0.3676776111882645,288,Low,Recent-behavior product recommendation,Recent-behavior product recommendation,0
b7d8524e14913b79fe082a5fc2efffd7,0.762890629723527,0.8105104784219618,0,0.7149311926878099,0.01812676236173502,0.3665289775247725,289,Low,General product recommendation,General product recommendation,0
f561632522774ab728bb93f8f3ab5e61,0.7654254091421271,0.7370994519393467,0,0.7179786747203307,0.013323215314629405,0.3656509450174801,290,Low,General product recommendation,General product recommendation,0
552fc05a13d28356a38e8b13f64cbe4f,0.7745240909838091,0.5416179549054176,0,0.7289177210249833,0.0005321590819054867,0.3647249400534444,291,Low,General product recommendation,General product recommendation,0
5a6b37816cefa8497b74b1ef78dbb202,0.7683780697109874,0.6510144511090681,0,0.7215285615332445,0.0076903646196960565,0.3646094630764703,292,Low,General product recommendation,General product recommendation,0
95ec7fc6a1605502060075958c3f9852,0.7570223759887219,0.8573514512607623,0,0.7078759839829174,0.02119173539840355,0.3645338596906605,293,Low,General product recommendation,General product recommendation,0
798c34ffa9047399853eab8ca7c0b9a0,0.7377362391116101,1.1159626283621737,0,0.6846888951268031,0.038113593266828484,0.3614012441968158,294,Low,General product recommendation,General product recommendation,0
51dc56123336c573f2977f5da81b17b9,0.5964742479857366,3.665102560248857,1,0.5148542433716099,0.20491297176854548,0.3598836075700777,295,Low,Recent-behavior product recommendation,Recent-behavior product recommendation,0
ca6d9bc2e717c2a0aa19d77a3bfa5398,0.7498430738321475,0.8358317948159204,0,0.6992445448258646,0.019783627010287942,0.35951408591807626,296,Low,General product recommendation,General product recommendation,0
33176de67c05eeed870fd49f234387a0,0.7543754666730978,0.7482690977050143,0,0.704693691858449,0.014054085342003218,0.3593738886002261,297,Low,General product recommendation,General product recommendation,0
73601b1eec55943e90ce8d61253d5c09,0.7572700016715672,0.666304580855663,0,0.7081736962073912,0.008690852708655161,0.35843227445802317,298,Low,General product recommendation,General product recommendation,0
0c9abfaffa0ae7587cebfdf0d680e3b7,0.7457486819647245,0.7771859176861676,0,0.6943219919762913,0.015946216700022685,0.355134104338157,299,Low,General product recommendation,General product recommendation,0
c143eafe10719dcc7dc0a855b2e3554d,0.6802828143611325,1.7893976515878356,0,0.6156145297800344,0.0821788648238091,0.34889669730192174,300,Low,General product recommendation,General product recommendation,0
d8e4bf349af9df104faeef494ad2c6de,0.7263988877079383,0.700043175576201,0,0.6710583699436126,0.010898490100589915,0.34097843002210126,301,Low,General product recommendation,General product recommendation,0
75bbb6b481a1df1689bb769e63ec3acb,0.7159398229888901,0.8442247040151829,0,0.6584837799913743,0.020332805194171397,0.33940829259277283,302,Low,General product recommendation,General product recommendation,0
b62777d3969196b3329205b4d8e1ba0a,0.7175398332964005,0.7982716905788572,0,0.6604074198269378,0.017325934529449916,0.33886667717819385,303,Low,General product recommendation,General product recommendation,0
dec5217f924eab1dae338b9b54f53558,0.6833796441419886,1.3690123027043266,0,0.6193377465008589,0.0546715420409836,0.33700464427092125,304,Low,General product recommendation,General product recommendation,0
d26c616e241736e0c1c1ab14150239e7,0.7237725514894222,0.624121431818808,0,0.6679008121780117,0.005930657807394837,0.3369157349927033,305,Low,General product recommendation,General product recommendation,0
ae7b79796d47ab59f417a154efcdbb77,0.6828087373890146,1.2032638098450814,0,0.6186513640649096,0.043826023028594084,0.33123869354675184,306,Low,General product recommendation,General product recommendation,0
9f6a13c93d886acbefe16ad39bbfb85c,0.6860230766727539,0.8912540781875218,0,0.622515858601097,0.023410106006553605,0.3229629823038253,307,Low,General product recommendation,General product recommendation,0
1fbd81e4d0a0cf9125ca038b43533b7f,0.41188731357540204,5.780867569750054,1,0.2929314354437248,0.34335507305377483,0.3181432542487498,308,Low,Recent-behavior product recommendation,Recent-behavior product recommendation,0
31bfa97f1ea0663a50ebc5c811ebdf4d,0.6414349034511606,1.4986359875217738,0,0.568908962569582,0.06315328515606253,0.3160311238628223,309,Low,General product recommendation,General product recommendation,0
5e8f38a9a1c023f3db718edcf926a2db,0.6498110837745631,1.3211233121905324,0,0.578979369031545,0.0515379934449034,0.3152586812382242,310,Low,General product recommendation,General product recommendation,0
addc1082e059523e5ef2e7486d1d8905,0.6392219833405794,1.4828192391540063,0,0.5662484414106543,0.06211833851988118,0.31418338996526773,311,Low,General product recommendation,General product recommendation,0
b6aa5a87f6c08e2510324edca009810f,0.6704423383022347,0.8171542244042345,0,0.6037836486544879,0.01856148651591128,0.31117256758519957,312,Low,General product recommendation,General product recommendation,0
b56c60ed244eed72ff5640a41bf254d5,0.6513202510244999,0.8597459098438057,0,0.5807937912430015,0.021348413420862737,0.3010711023319321,313,Low,General product recommendation,General product recommendation,0
6f64406ed5cfa4a2d9bd35e91bfd6587,0.2963459110828431,7.3682919123322135,1,0.15401980253218633,0.44722594748051897,0.30062287500635265,314,Low,Recent-behavior product recommendation,Recent-behavior product recommendation,0
f2e0c95f9c0e971bb561b11ecf5a95d3,0.6216929571156004,1.2881627852477324,0,0.5451738689740091,0.04938126782134022,0.29727756839767466,315,Low,General product recommendation,General product recommendation,0
da8198ea45b815ac5588df1dc7f66661,0.6455825974125632,0.6618490915199385,0,0.5738955987758791,0.008399314043859372,0.2911474564098693,316,Low,General product recommendation,General product recommendation,0
7063b55fee699193fd5e44253a7e4a98,0.5296987973777556,2.608320088230669,1,0.43457231254637346,0.13576390021731075,0.2851681063818421,317,Low,Recent-behavior product recommendation,Recent-behavior product recommendation,0
28dd1607a5e16ed5458919c2afca6476,0.6221711576493983,0.6860895424345923,0,0.545748793767858,0.009985453783223575,0.2778671237755408,318,Low,General product recommendation,General product recommendation,0
a44b31b99d33ba6c128b857d28842ea8,0.5991321813055538,0.808567300855008,0,0.5180497892942031,0.017999613276495727,0.2680247012853494,319,Low,General product recommendation,General product recommendation,0
21c8aa0cb27943cbf33d75985e28da67,0.5547792665357879,0.9738331136266625,0,0.46472573677154777,0.0288135487976778,0.24676964278461277,320,Low,General product recommendation,General product recommendation,0
79b9e9b310f3094c2cad708eb17508c2,0.49796885638505245,0.8105798161976501,0,0.39642444675629857,0.018131299381357532,0.20727787306882806,321,Low,General product recommendation,General product recommendation,0
28da99e178f274876e3052c1740c6c87,0.3750406299503301,0.6276167070910679,0,0.2486318780615715,0.006159366218342628,0.12739562213995706,322,Low,General product recommendation,General product recommendation,0
f043529722a354cd3f185270e0c6aa15,0.2694320463142515,0.6131964345448301,0,0.12166214698783578,0.005215796009249547,0.06343897149854266,323,Low,General product recommendation,General product recommendation,0
8f3dca4306d5a89e4ae2c65c110603a2,0.2577058096545112,0.797786989039829,0,0.1075640778353813,0.017294218767416845,0.062429148301399076,324,Low,General product recommendation,General product recommendation,0
6469f99c1f9dfae7733b25662e7f1782,0.16823810885487275,1.351722473557608,0,0.0,0.05354020644029767,0.026770103220148837,325,Low,General product recommendation,General product recommendation,0
