customer_unique_id,final_churn_probability,CRPI,drift_severity,clv_normalized,retention_priority,actual_churn,actual_retention,simulated_reward_action_0,simulated_reward_action_1,simulated_reward_action_2,simulated_reward_action_3,linucb_action,linucb_reward
4c0bac678bfb8ff0becd5b393b45a884,0.8664803523135433,0.8111484502069688,2.7747808,0.7474976758200838,High,1,0,0,0,0,1,0,0
dee6a650840de087ac42c4367bc9baf3,0.9046035267131477,0.755293453210403,2.2901833,0.6900551681751921,High,1,0,0,0,0,0,1,0
ae53a87a257f8e54795af6ff434e443b,0.9089383110996602,0.6986751557918884,1.5437403,0.7484937608140595,High,1,0,0,0,0,1,2,0
c55821f6a2a59a93d4cde13a2ec14661,0.8419598625615903,0.6963339787745757,2.1193378,0.6340721676240598,High,1,0,0,0,0,0,3,0
459759c02362af7a218dd2fe035b3c07,0.963288932856813,0.6954146706698471,1.4004316,0.7248119340431373,High,1,0,0,0,0,0,0,0
64fbafb2935c7a2588d6a26a9d750487,0.9420189176439204,0.6951651329900338,1.4795637,0.7223096181545916,High,1,0,0,0,0,0,3,0
1cc48564488184883cc7923b82c7b3f9,0.9295938596223416,0.6870232265537339,1.8374273,0.5995953846004489,High,1,0,0,0,0,0,2,0
e89bf89e2621b5aeb4c181e69a8c6952,0.92619834452916,0.6698793173049991,2.439996,0.36376103831933704,High,1,0,0,0,0,0,3,0
0f0b49d45120fcb28bda56e94bc85673,0.9705916043988845,0.6496568159381578,0.8707752,0.7449699830087232,High,1,0,0,0,0,0,1,0
59268ee5dc0cd98a36ea808010826cc8,0.8166571506210657,0.6485444950472041,2.4638884,0.41046135682888546,High,1,0,0,0,0,0,2,0
f3d176999f9c1273045f770712608944,0.9256370101551944,0.6318498960598007,2.4568393,0.2450213929682836,High,1,0,0,0,0,0,0,0
b8b3c435a58aebd788a477bed8342910,0.9833604977201988,0.6182128429335102,2.3251843,0.1829343975459767,High,1,0,0,1,0,0,1,1
5bdb6f56a8fb4272b802f504bb6d1287,0.9295106996142927,0.613379426074859,0.7236615,0.7263667242371878,High,1,0,0,0,0,0,3,0
7a176e5d88c7acb6000a055e008c055d,0.9241143797903061,0.6116137913666831,0.7734355,0.711356054876688,High,1,0,0,0,0,0,2,0
bdfd71dfee6faa67122cc7cdbc14d9f7,0.9165584053838809,0.5902183208252134,0.8975063,0.6165970188718156,High,1,0,0,0,0,0,0,0
7d904a4755e206a3e308a1f03d4a3a7c,0.8383909651060215,0.5797943660839078,0.8012964,0.6996717859670677,High,1,0,0,0,0,0,0,0
19f8fcd23ed70e29220a6a2f13ecd911,0.8033112973802731,0.5761581482542709,2.4585786,0.2093556345768024,High,1,0,0,0,0,0,1,0
7e91ec540af718ab375b1d13271e9543,0.9146231240023074,0.5740639325876237,0.7518145,0.6156927169512438,High,1,0,0,0,0,1,1,0
9fdf694ddd72ea586dc72ceb7a0d2d91,0.8960286800684568,0.5723447655148971,0.68691343,0.6508489969791628,High,1,0,0,0,1,0,3,0
94aea9aae532453c72b6afbfe0eaec10,0.6626683105933768,0.5593710865864049,1.2935916,0.6743051387453471,High,1,0,0,0,0,0,2,0
37545efd489b0b7c9aa20690f344271d,0.8630616820172672,0.5592721019310098,0.38306326,0.7420258674412038,High,1,0,0,0,0,0,2,0
4e6588068c000d6f539cf24c66a96816,0.6311854766600649,0.5589770481323556,1.1083578,0.7648960592981209,High,1,0,0,0,0,1,3,1
1118bbd6c82a824ebc677b12e525864f,0.8970272821591676,0.5560207204134252,0.40138876,0.6899136308998569,High,1,0,0,1,0,0,0,0
b1449986ee6516d3797d782b01c36e80,0.8185197562775502,0.5511346830934806,0.61812687,0.6922960825884789,High,1,0,0,0,0,0,3,0
1f98e3467d2b48dfb44fc12b137d3447,0.5999606095759025,0.5439043100175563,3.3352253,0.05834115378914536,High,1,0,0,0,1,1,1,0
2b19910e856b2ba3e7257e63a093a3df,0.9434569280638687,0.5432017866797269,0.46499795,0.5815205135862525,High,1,0,0,0,0,0,1,0
fb82affcdf98ee48d9d36c7feb802417,0.886462665818058,0.541640173378456,0.60822654,0.5936126838159853,High,1,0,0,0,0,1,2,0
37d0b647301742b1b17d627e4c10aeae,0.9277907705571647,0.5296855138023284,0.41826305,0.5724569701564656,High,1,0,0,0,0,0,2,0
5a21363c92f912e70cb482c96bc03af3,0.8831901075120115,0.5260170044686143,0.867088,0.4694810570584457,High,1,0,0,0,0,0,1,0
6204c4e582a95b6a350adf6988623bfb,0.8505142378524302,0.5170466151109376,1.7872401,0.19063217458353238,High,0,1,0,0,0,0,1,0
d8a89dc47bde7dc0b83a3434cc017ee1,0.7181017144853317,0.5160228296178474,2.5063825,0.10594511242304563,High,1,0,0,0,0,0,2,0
d56ded4569dd9821b2f83710a56afbde,0.9058813374126522,0.5151548173126904,0.36470258,0.5692150650687948,High,1,0,0,0,0,0,0,0
fed2005ccab4fcf1a40ebdaff032a148,0.7332989718569982,0.514167726365514,1.3120216,0.4567538680409515,High,1,0,0,0,0,0,3,0
4a2ef0b951aa7bdda04470d961d5e755,0.9029241475301726,0.514071320714055,0.50636935,0.5249394259880488,High,1,0,0,0,0,1,1,0
51d11e5abc725531b3a2fd56456885fa,0.8184911286578866,0.5120816880276707,0.3265855,0.6661597953296862,High,1,0,0,0,0,0,3,0
21bde4e982c4681021edabb899bcebfe,0.7539450279139518,0.511410486209795,1.2670647,0.4402426322297997,High,1,0,0,0,0,0,1,0
78c5f76b60a3a2588635aadc70e34df7,0.8675502588405399,0.5106655662294033,0.58754236,0.5275452765447528,High,1,0,0,0,0,0,2,0
8ef9add628931053f28350c0ad4bc7f7,0.861827420767161,0.5088768360763286,0.59012806,0.5275452765447528,High,1,0,0,0,0,0,0,0
d92462d83762d5e5c112bccc344119e6,0.9055301028127847,0.5086196040340581,0.5342652,0.4970667747642311,High,1,0,0,0,0,0,1,0
0ecf7f65b5ff3b9e61b637e59f495e0a,0.8296882915181838,0.5078922546848385,0.65361804,0.5394443167056382,High,1,0,0,0,0,0,0,0
f46971f1ac7b376b668114a027c98e78,0.8672812080303558,0.5076516199671746,0.9941422,0.39189140959060415,High,1,0,0,0,1,0,2,1
afd7854781ccdc3222b69421f9c7c6ee,0.7622413816392665,0.505339004687927,0.61686546,0.6160100429155004,High,1,0,0,0,0,0,3,0
161b2eb506dd664bb5d23dc701a14b59,0.8457665820987585,0.49976782087535837,0.26153088,0.6201001897389187,High,1,0,0,0,0,0,2,0
87315ceb47e77d03a1c90474e228db6c,0.8577729850286631,0.49475769489835203,0.2898509,0.583279695205196,High,1,0,0,0,0,0,2,0
70755e5b9df5988f592f3dec6279f1be,0.8413918200361759,0.4914612771423879,0.49335694,0.5275452765447528,High,1,0,0,0,0,0,2,0
5c65a2076c901f375b01aad3a60c7447,0.8102449871045252,0.49135596415428234,0.35603938,0.6036849758790362,High,1,0,0,0,0,0,3,0
97f0fce3f9d7aad1b12499a4e4b10d07,0.8347074453719654,0.4903269365631908,1.5809445,0.19191003577786095,High,1,0,0,0,0,0,2,0
5af895ee7ff98368a5bf6faeddd18cec,0.19239082492678664,0.4898697303786573,2.403382,0.6267155584468035,High,1,0,0,0,0,0,3,0
d1085381045ea6f88be5cc3e14c61e55,0.6434205419653816,0.4896778507532186,1.2673113,0.49419016408968397,High,1,0,0,0,0,0,0,0
cb57be427d5e8c06c10cdd1540df1e00,0.8083283688843949,0.48640438042123835,1.7650217,0.1511457889335983,High,1,0,0,0,0,0,1,0
fdb47f6659321662dce6524a8c629d0b,0.7739514096001385,0.48512430703369097,0.22928496,0.663700597794549,High,1,0,0,0,0,0,3,0
6894b2a8a74e1c7fb9452d0cb861e634,0.9004486680531983,0.48488489106982374,0.3346047,0.4936592190718616,High,1,0,1,0,0,0,2,0
698a9cafcc15cac8cdbaee64adc6efbe,0.7664190574251186,0.4828598221776919,0.50724727,0.5782785419752703,High,1,0,0,0,0,1,3,1
49bf911a5666e781425b4fe91495454d,0.7730811767126308,0.48151705485963053,0.34281453,0.6183842887316645,High,1,0,0,0,0,1,3,1
56b088f218c6c02cd6e86bb9814271cb,0.8005250112934701,0.48102672696367926,0.5818739,0.51269786890387,High,1,0,0,0,0,0,3,0
76d1df67cfa34a2c4606537d54aea0f8,0.7134677833220835,0.4800420385491029,0.2660369,0.702226786903982,High,1,0,0,0,0,1,3,1
5cfc9643603c095fd7ed86a50fa17887,0.7056568332611814,0.4790589681616139,0.71585536,0.5673121564943144,High,1,0,0,0,0,0,3,0
7973a6ba9c81ecaeb3d628c33c7c7c48,0.8431294874931015,0.4787024238039605,0.4789549,0.4918892651499548,High,1,0,0,0,0,0,3,0
ca6d9bc2e717c2a0aa19d77a3bfa5398,0.8161164380660606,0.4777218710176392,1.1584922,0.3059988154185317,High,1,0,0,0,0,0,2,0
edb73fb9e9c6e283badde40e37f5c9e5,0.8721384196004547,0.4774595318802642,0.74131054,0.3749859775818265,High,1,0,0,0,0,0,1,0
4e78d9253ba5cc1d990eb09ea45a3a2c,0.8294566085862555,0.4773364808069947,0.69658524,0.4346165809080952,High,1,0,0,0,1,0,0,0
70ffda7e4167ce87ac620ab2c572ac4f,0.8304856246586053,0.4753501850629416,0.52449673,0.48125756932111236,High,1,0,0,0,0,0,3,0
ec99f30f38afadbfbae32d5883734ded,0.8086441813676314,0.4744990805424354,0.45637158,0.5235268255803315,Medium,1,0,0,0,0,0,3,0
e424731f7e9ccc9f3384b8b71378cbf7,0.7678376751803331,0.4729447479157706,0.5249464,0.5414790660848107,Medium,1,0,0,0,0,0,3,0
6c70bee45f245a4ebeddb2ece21b567d,0.9055875601529334,0.4725331832206898,0.98162246,0.24912265871287728,Medium,1,0,0,0,0,0,2,0
6e64dc929d62442c813375d68c4e0c2e,0.7802371557573949,0.4715745466738503,0.26783657,0.6042387060510375,Medium,1,0,0,0,0,0,3,0
3110339155d740dc64b31e1666952100,0.8268939784331286,0.46923694893233153,0.3920497,0.5081296783737196,Medium,1,0,0,0,0,0,0,0
ae207cf8119fd10e3b9ac24570089fad,0.9119078596843192,0.4680350448406781,1.218065,0.1550153866259598,Medium,1,0,0,0,0,0,0,0
01a22e2079ea71e17313b88e5811e54a,0.5276278412807288,0.4673142486174449,1.2663784,0.5522957507742474,Medium,1,0,0,0,0,0,3,0
2b4efa2bb0d9e62ee5e197cacd93c0d6,0.7587992553588238,0.4658295195447679,1.7851462,0.1365670582373177,Medium,1,0,0,0,0,1,1,0
73768eba15a0744371ca5521eb2e51f5,0.6560433072252925,0.4639313460073556,0.24464373,0.7225152468651422,Medium,1,0,0,0,0,1,3,1
94b27f5cb0276a9d149375e24de840d2,0.790591934292022,0.4617139182805552,0.278356,0.5602039807763844,Medium,1,0,0,0,0,0,3,0
346fce1712054d4339be023a27c38f13,0.8074545500533391,0.46008905621327356,0.38507196,0.5038330406732638,Medium,1,0,0,0,0,0,3,0
31f49e069c399db9c3a0bdf8653e4e8f,0.5961101353010104,0.4599356626505861,0.5261723,0.6873111538308256,Medium,1,0,0,0,1,0,3,0
addc1082e059523e5ef2e7486d1d8905,0.7027672545660869,0.4595621655386539,0.5303517,0.5698355433749269,Medium,1,0,0,0,0,0,3,0
281e1e72207e518c29b249a1361a775d,0.8284670411298218,0.4580336631340754,1.2976028,0.19019438968623034,Medium,1,0,0,0,0,0,1,0
1a29e9f39d667f12684910a8edc4b56c,0.717141457543968,0.4576260334024942,0.20246981,0.6508556573442319,Medium,1,0,0,0,0,0,3,0
98e3117841a2431959d17808f04bf23c,0.7690790882547225,0.4544715616549138,1.6838154,0.12303037684670126,Medium,1,0,0,0,0,0,2,0
9099c659f8cd764e87a1482d258fcec9,0.6605596908915649,0.4539556633967498,0.3943864,0.6409807978987582,Medium,1,0,0,0,0,0,3,0
a72a2d4e19868dba726c0e6f49198c7e,0.8814049017829364,0.45119643982548424,0.8682783,0.24657357302207625,Medium,1,0,0,0,0,1,1,0
76ffb5b3f1186c6c8022f6047ae9ead5,0.7631620480322092,0.4508536782579391,0.22950985,0.5724569701564656,Medium,1,0,0,0,0,0,3,0
cc0472ed54d7ef34d66a4cad6bf2e666,0.6645012303315369,0.4475003186792674,2.168553,0.06363484442418268,Medium,1,0,0,0,0,0,0,0
10b58cbd6607267fd41812614367439e,0.41083196618922974,0.44743234713017815,3.0608187,0.058581688887844034,Medium,1,0,0,0,0,0,0,0
e225b3c270984a8097a136089a11aea9,0.7522815561162004,0.44593042666270266,0.18017553,0.5848215055011093,Medium,1,0,0,0,0,0,3,0
dd8c586651f9232e473ad86cf89c143f,0.8174705020862519,0.4450623757431435,0.24463162,0.49178110284435217,Medium,1,0,1,0,0,1,2,0
3a649b3c6b379a427fa6f4a5f646a43d,0.7639617749688099,0.4448691160188119,0.19320059,0.5649729573047525,Medium,1,0,0,0,0,0,3,0
73fa628b0fc190639f48da2667eb1381,0.7928035544039762,0.44333308873938665,1.5956855,0.09152932523237722,Medium,1,0,0,0,0,0,1,0
49afeec74ee36fc6e5582ccd16111a14,0.6652458144800788,0.4428387000332657,0.2158456,0.6582986606306623,Medium,1,0,0,0,0,0,3,0
b1c936c1a71a46cf4b840a9851486d86,0.7672709140247113,0.44266103453128297,0.52319986,0.451784388796547,Medium,1,0,0,0,0,0,2,0
fbdd85f919749a8e7a1290c6452024e3,0.7446062309798754,0.4426429092862902,1.2555367,0.24761160730763646,Medium,1,0,0,0,0,0,2,0
34fbeb535f3ba8b34bb0f919b0ad36bb,0.831857503597048,0.44247574974085285,0.25741392,0.4645125829821731,Medium,1,0,0,0,0,0,2,0
02e4c56fefa30628768ffe326d332e2f,0.5079833305780194,0.4395152651128928,2.798661,0.011854594064035513,Medium,1,0,0,1,0,0,1,1
071fb07419a29c8ba143831082e0320a,0.3755881157040282,0.4380291774668951,2.9818466,0.09303732399472461,Medium,1,0,0,0,0,0,1,0
5f7f2f316d856064acee6f1db7c9f63f,0.6924529307498333,0.4375435194075626,0.25226015,0.6016996898506084,Medium,1,0,0,0,0,0,3,0
233c8f191c45cef30af148a82ac70020,0.7714360885790763,0.43723913772601314,0.23762472,0.5201554686632602,Medium,1,0,0,0,0,0,3,0
ae52fa61f27bd494a25bc4c101fa29d0,0.7871492892524586,0.4360367399573442,0.21375932,0.5070470265783853,Medium,1,0,0,0,1,0,2,1
1647c6dc2941bd075dc5dd3448807bed,0.682730024023635,0.43488026818638587,0.56274766,0.507292974980558,Medium,1,0,0,0,0,0,3,0
738ffcf1017b584e9d2684b36e07469c,0.807870277412078,0.4335277734305856,0.77011186,0.30352748050223044,Medium,0,1,0,0,0,0,2,0
0cf46588cd3f5a23002166b5a1945820,0.9146104412436586,0.4332182801525681,0.6524747,0.22417398857101564,Medium,1,0,0,0,0,0,2,0
518199e5f36305bffce18e38aa2642aa,0.7432489749623831,0.42907535676870606,0.21494113,0.5331491604154475,Medium,1,0,0,0,0,1,2,0
6a3a03f3c7afeb25ce61700d914a841a,0.6607542380730818,0.42764971179476224,0.55144936,0.5128327878306733,Medium,1,0,0,0,1,0,3,0
1ce1097b476f97ea37d805251c5c74ba,0.6373120168340208,0.42721906149779976,1.8553522,0.12987190797418346,Medium,1,0,0,0,0,0,1,0
35ecdf6858edc6427223b64804cf028e,0.7728481592242314,0.4270426150780891,1.2917753,0.15903593576390004,Medium,0,1,0,0,0,0,1,0
a1bb96820529725c3c79a77c69e7e792,0.7253220599713066,0.4269984868286882,0.55038357,0.44156264383221694,Medium,1,0,0,0,0,0,2,0
580561d937f063a0c4ffe1e4832df2f5,0.4173859639049869,0.4268567947364939,3.027957,4.160489102178477e-05,Medium,1,0,0,0,0,0,1,0
f8777c0c5c96632fe9ded01856cb8c82,0.6077248471813697,0.42685389658781475,0.29301673,0.6483063641271639,Medium,1,0,0,0,0,0,3,0
7370a0c1920f4a92e1f09463099e9b42,0.727418286587104,0.42658627245369907,0.40530193,0.48334566648135097,Medium,1,0,0,0,0,0,2,0
d4bfdb188411b1d1fdd0a66e8017e8b4,0.6528068307539451,0.4261249764212896,0.19884872,0.6268802146825245,Medium,1,0,0,0,0,0,3,0
b643c19d91a65d73f94ba8e037668986,0.34806977861778177,0.42541134672287817,3.0594668,0.06064200456178403,Medium,1,0,0,0,0,0,1,0
b0bc6de4a99007470bbdbbf5cc502ea9,0.7975938808880009,0.42398192682114627,0.25900593,0.44549429775311045,Medium,1,0,0,0,0,0,2,0
c3733cbdb41f37b5477b2c01c523e220,0.610874404496279,0.4232262907128166,0.23099089,0.6533847712675523,Medium,1,0,0,0,0,0,3,0
31e0eb64c5eb715aab04433200ea4ed5,0.8246076826937014,0.4222449919102936,0.5221161,0.32902550919289936,Medium,1,0,0,0,0,0,0,0
dd8253fe17486f2e2cbff105e36e4a55,0.528292475484317,0.42152365558515964,1.3121967,0.3999068652782372,Medium,1,0,0,0,0,0,0,0
256b3e7a939dddf3e40608cac69e88c7,0.6878824108909458,0.4214566757190137,0.2685303,0.5532913465632484,Medium,1,0,0,0,0,0,3,0
b4e4f24de1e8725b74e4a1f4975116ed,0.6799640767494992,0.4187646372882506,0.3275634,0.5353321281046919,Medium,0,1,0,0,0,0,3,0
d0be859f85cda9d896ab14e4ffba955d,0.586177478617281,0.41796980708756887,0.31547615,0.637887452473362,Medium,1,0,0,0,0,0,3,0
552fc05a13d28356a38e8b13f64cbe4f,0.8769138851682319,0.4162408292290786,0.86792475,0.14666151501919444,Medium,1,0,0,0,0,0,1,0
a8cb771f0d1d230407948d4ce2af5c3e,0.7671111294066714,0.41343499467940076,1.0978451,0.18492837893980835,Medium,1,0,0,0,0,0,0,0
b9fc2d4c90bdadc7052fabe8353084ed,0.6968620412960742,0.411000650258689,0.2194819,0.5275452765447528,Medium,1,0,0,0,0,0,2,0
6a56e8e6c20175d122a962a5e5dfcf5e,0.6173292156132582,0.41000314727322545,0.23126146,0.6066681040356732,Medium,1,0,0,0,0,0,3,0
027803eb28cc01fbdf5da72b109fabee,0.7492287021682702,0.40940966185384714,0.22510427,0.4645297822381828,Medium,1,0,0,0,0,0,2,0
4fcf7b9d6a54ded837b9a0ff601bf7ef,0.6556761956334793,0.4076734892590723,0.31462356,0.532296547596517,Medium,1,0,0,0,0,0,3,0
5b881f1b0bea55f5933b61c9a99c9ecc,0.6202154090203275,0.4071275222007143,0.22314216,0.5974619850306904,Medium,1,0,0,0,0,0,3,0
857104e1bfb81cb14e88ff07d1b22c70,0.38393887053042425,0.4062666678198014,2.6911855,0.07945893917170649,Medium,1,0,0,0,0,0,0,0
c297bb9230dc3152522d0c2b4caa7a1a,0.6900217582925087,0.4041966121507459,1.2419986,0.19537812968803905,Low,1,0,0,0,0,0,1,0
706cdc310c7f626d1d2bc95c396202e5,0.6305171763324221,0.40396216142319274,0.32603353,0.5447404028375928,Low,1,0,0,0,1,0,3,0
0bdb6ad22574bad5202df1e92a9aa403,0.652005902005215,0.4036408009390023,0.21696815,0.5546364669113234,Low,1,0,0,0,0,0,3,0
31d958dffbf0b744375b5ff0393e6fb3,0.6047785607163829,0.3994772554122004,1.8220124,0.09214576763799176,Low,1,0,0,0,0,0,1,0
c40b4a21d854ab194280dadc8998061f,0.7688625106825282,0.3986053655606731,0.46935126,0.3347069999108916,Low,1,0,0,0,0,0,2,0
e8bab621313ad2a3c0ce8e3a023ff9bb,0.5595776746316925,0.39699129171916053,1.7246876,0.16382162040384665,Low,1,0,0,0,0,0,1,0
53beace9d0aa08b64d759d5f5a66550c,0.4052527186845074,0.39619608185975097,2.5357814,0.07475856431900693,Low,1,0,0,0,0,1,1,0
56f77ee91e06fb36402afa524deee676,0.6500806123450691,0.395104321266549,0.22707558,0.5279492411083632,Low,1,0,0,0,0,0,3,0
4d1fe8b6f5e9ee044a14467c8b2832b6,0.6060465357620218,0.3946824246741483,0.22213453,0.5757251007671523,Low,1,0,0,0,0,0,3,0
8e0275b5c7fb6f05e312a1079a674410,0.4108278075552583,0.3944730398791633,2.3557472,0.11976532329554912,Low,1,0,0,0,0,0,0,0
6ef4101366e4340921398ba91fff1426,0.5987398056432601,0.3937970903878771,0.40967926,0.5224169975235431,Low,1,0,0,0,0,0,3,0
e7039843c54c69530bbf70d926baaab6,0.5685706076654068,0.3915642524167365,1.541611,0.19497919079685366,Low,1,0,1,0,0,0,1,0
3a5b0d10ee72cefb504df217532a4e6a,0.5936460804379281,0.3907003953848494,0.24493444,0.5700393553852198,Low,1,0,0,0,0,0,0,0
640e0d867e85601bd8e64029df6034b5,0.6622066629230026,0.3885021270892289,0.25489688,0.4863791285088927,Low,1,0,0,0,0,0,2,0
962c6b5225cdd53c41509bc38d3a8217,0.7872516246086393,0.3884419716596981,0.5565603,0.2571620774410704,Low,1,0,0,0,1,0,2,1
d0813c57df04369487ff42ab24dd0ac7,0.4665630547362229,0.3883879894194237,2.41474,0.022976740962039756,Low,1,0,0,0,0,0,1,0
2a532e879c1278727d9d7001890cd333,0.5860326126254444,0.3881534999542214,0.22937796,0.5754665681863858,Low,1,0,0,0,1,0,3,0
a5c93e7b12545f61cbf92efa2d77f1f3,0.16916055316359638,0.38278815360773827,1.2181246,0.7004553149021064,Low,1,0,0,0,0,0,3,0
b29bd5c2f25523fa4754d058fd513707,0.5920900360077854,0.3813464668581045,0.29397002,0.5283517728607017,Low,1,0,0,0,0,0,0,0
e38a9d13896946501404c6d82790728c,0.3278883958224887,0.3792029327431108,2.6051486,0.08558181359089628,Low,1,0,0,0,0,0,0,0
a1a374f4c131638dc698c76bebd11769,0.5520025042392337,0.3789436329721643,0.7395099,0.4253298747975668,Low,1,0,0,0,0,0,0,0
91c0ed5fde94a56b99e4ce6d43d0d6be,0.7088216030324959,0.37564077897323084,0.3317446,0.37352705308936934,Low,1,0,0,0,0,0,2,0
b316e256ce45161d3ab81f74834376e8,0.3179964223080175,0.375491433918951,2.7002108,0.05544829440377382,Low,1,0,0,0,0,0,1,0
5b71ca52f13f79c2be72b2aad8755c0a,0.7216701618510307,0.370042690174087,0.21208975,0.3802180935052246,Low,1,0,0,1,0,0,2,0
48fd7dec70f2b104a1d5e8c5c639102b,0.5197990185009653,0.3622051143035281,1.8457615,0.0645842561472858,Low,1,0,0,0,0,0,1,0
9a2344afe2d1a43559906bd456567a9b,0.5092594315862905,0.36082251674225013,0.23199108,0.5754730386838683,Low,1,0,1,0,0,0,0,1
c0fcb07a9959ae14f01bad208e445cc4,0.28034045688107656,0.3602633611932371,2.577651,0.08863508687865068,Low,1,0,0,0,0,0,0,0
3e43e6105506432c953e165fb2acf44c,0.6740615148769541,0.36006554661448814,0.8172619,0.21276410332942436,Low,1,0,0,0,0,0,2,0
32ea3bdedab835c3aa6cb68ce66565ef,0.2002816885836039,0.35782304284558863,3.0776644,0.01161609605823246,Low,1,0,0,0,1,0,1,0
1b765716e166ca699d20c4adc8bb0f7c,0.629799484245308,0.35774534241916073,0.5701475,0.33067467456819155,Low,1,0,0,0,0,0,2,0
164ba50c15bd1157975375a75bbde58e,0.5927655867654984,0.3551751432378573,0.24505776,0.46437489501798296,Low,1,0,0,0,0,0,0,0
ec7f1811826ab04a27a92197bc40c888,0.6523784739622193,0.3547518294679566,0.6706008,0.2659861845576593,Low,1,0,0,0,1,0,2,1
f34cd7fd85a1f8baff886edf09567be3,0.6304728441919533,0.3545541561163778,0.35567483,0.3873129783935359,Low,1,0,0,0,0,0,2,0
593cb774409e5239a1946d1c88e0813d,0.7243778242660769,0.3508586985768991,0.7988049,0.1366280342025015,Low,1,0,0,0,0,0,2,0
01c289bb06354cdc7e6549570f20ada4,0.2965847743591713,0.34984438799929185,2.5519028,0.04789166902490733,Low,1,0,0,0,0,0,0,0
21effa61d72771ba8315ab56ce7fb7ac,0.5384796646554896,0.3489403953660408,0.25544173,0.5009878076996608,Low,1,0,0,0,0,0,0,0
b248c92ec54199bedb1d603e0e6f98c6,0.27662435255039886,0.3479913658476545,1.7559946,0.312271598525042,Low,1,0,0,0,0,0,0,0
94522b20d09262256d0ef263adf3ff78,0.7175983245672247,0.34716407767224244,0.25145417,0.3036886534096917,Low,1,0,0,0,0,1,2,0
730e4b7ede33b484516435d39ab4dc49,0.4653925442149303,0.34655702570713176,1.6194239,0.14696951239453118,Low,1,0,0,0,0,0,1,0
089bc915af34d9041b3a88a1aa84292b,0.7106293058208296,0.34619214844177143,0.9350507,0.09493572200729217,Low,1,0,0,0,0,0,2,0
6419a1be8feac26ec793667b71cbaeb4,0.40441084411557593,0.3403224862769852,1.7318896,0.15894542853417348,Low,1,0,0,0,0,0,0,0
3e5dd5efb71f831fffee3735c9e41e87,0.46661691997287846,0.3389335426602705,0.24120452,0.552928886533849,Low,1,0,0,0,0,0,0,0
83e7958a94bd7f74a9414d8782f87628,0.5801395626049775,0.3385717742421819,0.3142993,0.4065737412453788,Low,1,0,0,0,0,0,2,0
8f710f0d7e8dab5c8c1135e63b44de7a,0.3421688649828607,0.33595142348880286,2.2855673,0.0401662354001277,Low,1,0,0,1,0,0,1,1
b25a21b56a2d74da49e04cadbc9e0dd8,0.3570650835133928,0.3351614636875073,2.240214,0.035882881865267655,Low,1,0,0,0,0,0,1,0
974148f722b785f187ae13ec0040abcf,0.4372007991106341,0.3346921966109251,1.5599419,0.16035004373499634,Low,1,0,0,0,0,0,1,0
5f2a213343d506264f78cb82dd914434,0.4234641465494302,0.33412092650723596,1.6062977,0.15898599278442468,Low,1,0,0,0,0,0,1,0
62a25a159f9fd2ab7c882d9407f49aa9,0.45426426262399233,0.33117530840054055,1.4579002,0.16324090891860019,Low,1,0,0,0,0,0,1,0
71e1f051740a6d2fcdc204e989035526,0.23357064237872074,0.3290020006795595,2.5733025,0.04665865585759975,Low,1,0,0,0,0,0,1,0
c9158d089637ab443c78984d20da7fc0,0.45083184693703326,0.3288992924060908,0.24505872,0.5386505261411263,Low,1,0,0,0,0,0,0,0
d0b2f9c9f13d9048969517d02237b432,0.6866089765268379,0.3287482878580111,0.3705475,0.24469964980878103,Low,1,0,0,1,0,0,2,0
712c4abfd9b054e7872aad2021a4aee3,0.5682594356407024,0.3272000994735464,0.26374948,0.4010506752102974,Low,1,0,0,1,0,1,2,0
50e1b12ee1e2eab6157d9c0b035136af,0.6356493273531942,0.32572588716712086,0.25542268,0.32653361714773926,Low,1,0,0,0,0,0,2,0
0f187f58097c5431d5244e1fe1383884,0.44254247914759276,0.3236206947923436,1.7431631,0.06418899713369097,Low,1,0,0,0,0,0,1,0
f2ab7bd70a9a23df0dac0be98f038374,0.40942354756917343,0.32315221173462066,1.7889912,0.08420559876510092,Low,1,0,0,0,0,0,1,0
015557c9912277312b9073947804a7ba,0.6033917830422834,0.323082069317801,0.64470446,0.23190108436158088,Low,1,0,0,0,0,0,2,0
609b7feab0f0c9726929ec4891447b02,0.3526676396548773,0.3227117548274707,2.0492527,0.06287743866133927,Low,1,0,0,0,0,0,1,0
eddc1407b097ef7952deb24806c9059b,0.2451656774871911,0.321918361978425,2.3798928,0.07326451758764244,Low,1,0,0,1,0,0,0,0
0f0e48a91c9c285404572b095bcb373c,0.46120230009948004,0.321215376445439,1.5753409,0.08922310799671382,Low,1,0,0,0,0,0,1,0
e5ec513f807eb586f0cb8ab492f59e13,0.5055727883900811,0.3207689768039348,0.20973104,0.46623667695743226,Low,1,0,0,0,0,0,0,0
fd09c64a101e3eff4adbca1b28552514,0.4763403898574387,0.31955980689355984,1.6747689,0.03689490380362126,Low,1,0,0,0,0,0,1,0
24d9e83fe11e4390b69e1afb2b93f5ee,0.4609489685571619,0.3185524839899542,1.3156468,0.1625597932713058,Low,1,0,0,0,0,0,1,0
da29b8a3970adddb9ed2dc8a492065af,0.489329763974622,0.3122417645695035,1.4136157,0.08243668354650385,Low,1,0,0,0,0,0,1,0
ff922bdd6bafcdf99cb90d7f39cea5b3,0.42178678073787784,0.31022816019813454,1.7881444,0.03236155016384295,Low,1,0,0,1,0,0,1,1
5edb5e94dde197f8fd914eec2975b891,0.6393354074551514,0.31016830117521427,0.26352027,0.27335739209051496,Low,1,0,0,0,1,0,2,1
8f9f1a0464f6ab0e25650be9849b086d,0.3273971847307013,0.30907864919775524,1.741817,0.1451898827750701,Low,1,0,0,0,0,0,0,0
3648f9e5f51f679ed24deff1f031a093,0.5867675494099264,0.30660985270846447,0.5386351,0.23352183250060005,Low,1,0,0,0,0,0,2,0
aaf97f99c731d8d84810ff16e6ded10d,0.5177673800687173,0.3065188356383746,0.84556776,0.2118835137974007,Low,1,0,0,0,0,0,1,0
294e0922aa06792eea5094656727c0bd,0.5439058754188326,0.304557427627633,0.3401451,0.3355492346936504,Low,1,0,0,0,0,0,2,0
ae7b79796d47ab59f417a154efcdbb77,0.20945896068888895,0.3032195736989306,2.3385954,0.06857408299341156,Low,1,0,0,0,0,0,1,0
76a0491dd70c125840fa259f00dfc351,0.5081962278345453,0.3026215991003545,0.318325,0.3750718152191735,Low,0,1,0,0,0,0,3,0
e23daf58ce481f3d38066e654ef610cb,0.6679372833941157,0.30145949082315876,0.37424326,0.18182088665591922,Low,1,0,0,0,0,0,2,0
44a22a3351d7f1bb3d337d1be11b41fb,0.6216155785737248,0.29949488488345444,0.6885019,0.1278121187521874,Low,1,0,0,0,0,0,2,0
82c173abf4679049bd8628bfe89a9f2c,0.5836818792824199,0.29464897253565686,0.44105983,0.2314215256640998,Low,1,0,0,0,0,0,2,0
87ae4c644c15d9c6b6f826dfec33b340,0.4388788794106112,0.2944390855514398,1.3694791,0.09722514708242833,Low,1,0,0,0,0,0,1,0
33aca86429de0f71ff7118b93bb09712,0.5149902515505864,0.2941293032465985,0.950846,0.14485261217224424,Low,1,0,0,0,0,0,1,0
9448bf54ca4a047cb99b0dee1a9bfa25,0.45212802926376333,0.29346724139085456,0.9045719,0.2251181532030328,Low,1,0,0,0,0,0,0,0
ac987d464574ee0f743f9b630f937a27,0.44390184165490026,0.29008445722466414,1.0570594,0.1762510812779124,Low,1,0,0,1,0,0,1,1
75e750a6279d55f7137bb9e9bb8662cf,0.5054272844803995,0.2884471695667294,1.0785254,0.09827223409949287,Low,1,0,0,0,0,0,1,0
6c2f6983a60ac0dc8a9ee65579959538,0.5354681695782713,0.28843511203441613,0.3924331,0.27996461327604955,Low,1,0,0,0,0,0,2,0
4bf3d072dcf303280e82dc697b516c6f,0.5596297057503297,0.2883812024155769,0.26052365,0.2949096511097946,Low,1,0,1,0,0,0,2,0
18f17efd50fd7e9595cc1a40205c937c,0.5163563155906162,0.2848051246579295,0.9171945,0.12590935244380724,Low,1,0,0,0,0,0,1,0
c3efecdc2ca34416d845120af0bfca09,0.5521621374223886,0.2805787198391433,0.8414773,0.0982383210046952,Low,1,0,0,0,0,0,1,0
947e93a9bb28256adebe49f78cff07ad,0.4153538106507656,0.2801374447365809,1.2619684,0.11325137559803128,Low,1,0,0,0,0,0,1,0
5e3e9e897d07a80fc2af58088a84812a,0.5790088082199987,0.27912066285584874,0.7716456,0.08669961555224878,Low,1,0,0,0,0,0,1,0
4e65032f1f574189fb793bac5a867bbc,0.5890200661523066,0.27812654010405985,0.5155472,0.15284797074263057,Low,1,0,0,0,0,0,2,0
9d31457a03125fc870787a251760315a,0.23058883265908217,0.2745151434883945,1.9556937,0.07917400736152413,Low,1,0,0,0,0,0,0,0
e47e3ecbe9ae12ecbfc5651bd62d7733,0.2464136603346359,0.27324837334587726,1.9075085,0.07334241229733512,Low,1,0,0,0,0,0,1,0
a38b86dce31f7c014a0c958b548f6a64,0.4290360213708838,0.2723443264331095,1.1335646,0.1151886628849314,Low,1,0,0,0,0,0,1,0
21d3f0a4bf0cccf65dcfe93b8325d250,0.49325259468907806,0.27180939195759984,0.89140534,0.1198930175111537,Low,1,0,0,0,0,0,1,0
02168ea18740a0fdaaa15f11bebba5db,0.42894410444555076,0.27075241728839994,0.9383075,0.17145300725754958,Low,1,0,0,0,0,0,0,0
85b33fdcff5e20584ac9ec8e3c559ea3,0.4383312737106425,0.2701316151806555,1.0181497,0.13454544911407945,Low,1,0,0,0,0,0,1,0
8efdcd51f527f5aec0875573fd2210b3,0.5876822226293025,0.2691739422184973,0.45366922,0.14674580566741874,Low,1,0,0,0,0,0,2,0
c1ef581a9af244904429f1828f2747b8,0.40222214306564197,0.26878335346994325,1.1408738,0.13114854216641583,Low,1,0,0,0,0,0,1,0
e12f7f1e96f1f9f6361572028a1fad5a,0.3835584566014775,0.2686917931738076,0.80221844,0.2567027314877628,Low,1,0,0,0,0,0,0,0
f497801658db70e1b18c76268001e944,0.27749591662816836,0.2571671504733147,1.6514466,0.07148888489990532,Low,1,0,0,0,0,0,1,0
336421b86cc4259a58106da261e0e000,0.31726376226985153,0.2565784094548615,1.0763559,0.20631446596799213,Low,1,0,0,0,0,0,0,0
941254873ba3ece63e297277436e4c36,0.5227765838641797,0.25392108823303555,0.2969957,0.21989950248479667,Low,1,0,0,0,0,0,2,0
f95de29d9e810e69f55626ff1bbd4d60,0.5119834137863427,0.25298811109326724,0.3577115,0.20979336791547162,Low,1,0,0,0,0,0,2,0
6abc999251612920bec93b3be616fa1d,0.4898934095554592,0.251768079459966,0.60104156,0.1540168953485158,Low,1,0,0,0,0,0,0,0
30a81e307f19e822e7199139fe52b1b0,0.5405776440224472,0.2509823837595237,0.29200754,0.1934382771645131,Low,0,1,0,0,0,0,2,0
d270eb25f6d487d94778d358b01c651f,0.47327022759798404,0.24995635124555196,1.0224271,0.03499612189557945,Low,1,0,0,0,0,0,1,0
6f64406ed5cfa4a2d9bd35e91bfd6587,0.4598754214900733,0.24756667633362647,0.50266737,0.2044961903355187,Low,1,0,1,0,0,0,0,1
7c396fd4830fd04220f754e42b4e5bff,0.53339493246031,0.24746920411733295,0.49971452,0.1258200990514833,Low,1,0,0,0,0,0,0,0
919bf2617845a0f73acc0361cba58267,0.19657085615762931,0.24734284120947492,1.7856661,0.08741879676826689,Low,1,0,0,0,0,0,0,0
547d0504ca415eb4864fa3030f73d3f3,0.44219100795881994,0.24675317746461956,1.0572988,0.04802799853754062,Low,1,0,0,0,0,0,1,0
b68a98377d20140feaa17eeb61687459,0.2913384016608403,0.2435667328016471,1.6295352,0.02259446584849918,Low,1,0,0,0,0,1,1,0
204fa49efb5913a76287284d6e096f69,0.4848993646838286,0.2431675995524288,0.53843653,0.1531419395105699,Low,1,0,0,0,0,0,0,0
4b979b432abe14a88cd0cde893952677,0.39240666670279833,0.2421757106284628,0.56704825,0.24100796365730257,Low,1,0,0,0,0,0,0,0
cf26c0ed98d29abab5c9fe2643f88d19,0.568916480206928,0.2391346860070659,0.3838348,0.09866632695910402,Low,1,0,0,0,0,0,2,0
07342638d0e0aad32c3cf0efc1a37ba5,0.2906864500417223,0.23891673701048852,0.7138664,0.29513347130283546,Low,1,0,0,0,0,0,0,0
0333b2fc6ba7014702e08ef613850270,0.36117702736081575,0.23785266191418622,1.249501,0.04872852400021661,Low,1,0,0,0,0,0,1,0
f7f7c86a6751896d012ebbe10e3fc6f3,0.4836603366213417,0.2337778754606917,0.34282827,0.187359814831287,Low,1,0,0,0,0,0,0,0
d37b5d5b492f667ea230e377a97fe859,0.26908172300232064,0.22707478364935993,1.2957325,0.10130865422807783,Low,1,0,0,1,0,0,0,0
f11821d908830e74ad782532ebed897a,0.43120023482773623,0.22374533308551192,0.73903704,0.09019158677209163,Low,1,0,1,0,0,0,0,1
28da99e178f274876e3052c1740c6c87,0.4959511319252831,0.21777379892500082,0.39746755,0.10903629623774044,Low,1,0,0,0,0,0,0,0
6e620488162fe1129d32f26b751d770a,0.07924941477813757,0.21542644545339115,1.9440289,0.06879792212562386,Low,1,0,0,0,0,0,0,0
9ccfff93c79f3dd996cce15f26480c5b,0.39872234360594166,0.2145914322292011,0.31667492,0.22958545792422377,Low,1,0,0,0,0,0,0,0
e0c99ffdcd8891130985ac90cd2d8eec,0.24940826305809558,0.20218972989427653,0.74745977,0.21899443563605675,Low,1,0,0,0,0,0,0,0
ab0f956f72812ae4636be4e15b58031e,0.268082627565964,0.16622474458246275,0.40230274,0.19868108407607643,Low,1,0,0,0,0,0,0,0
7e1681f9bb31800364869a2cdbe289db,0.0828028349925924,0.1552968719952491,0.9481894,0.19538369438343653,Low,1,0,0,0,0,0,0,0
984503860d8d8dea530666eec07de95c,0.13005583567716045,0.11611805349757638,0.58501416,0.1402247441997904,Low,1,0,0,0,0,0,0,0
8d50f5eadf50201ccdcedfb9e2ac8455,0.0905282448958936,0.09894889202211027,0.5993103,0.12689363413331586,Low,0,1,0,0,1,0,3,0
